subject,id,level,sa,choices,totalTrials_Pre,totalHits_Pre,totalFailures_Pre,totalTrials_Post,hitsPost,failuresPost,hitRatePre,failureRatePre,hitRatePost,failureRatePost,d prime pre,d prime post,,,id,sa,PPR,,,subject,id,level,sa,choices,totalTrials_Pre,totalHits_Pre,totalFailures_Pre,totalTrials_Post,hitsPost,failuresPost,hitRatePre,failureRatePre,hitRatePost,failureRatePost,d prime pre,d prime post,hitPreZ,failurePreZ,hitPostZ,failurePostZ,,d' pre,d' post,d prime pre,d prime post,pre_delta,post_delta
ah,N1,1,800,3,378,375,3,578,576,2,0.330687831,0.002645503,0.332179931,0.001153403,2.350746562,2.613693347,,1,N1,800,1.111856714,,,by,AA1,1,1000,2,576,576,0,576,576,0,0.50,0.001,0.50,0.001,3.09,3.09,0.000,-3.090,0.000,-3.090,,3.090,3.090,3.09,3.09,0.000,0.000
ah,N1,1,1000,2,96,96,0,579,576,3,0.5,0.001,0.497409326,0.002590674,3.090232306,2.789043662,,1,N1,1000,0.902535274,,,by,AA1,1,800,3,587,576,11,578,576,2,0.33,0.006,0.33,0.001,2.05,2.61,-0.440,-2.512,-0.440,-3.090,,2.072,2.650,2.05,2.61,0.022,0.036
ah,N1,1,600,3,400,392,8,582,576,6,0.326666667,0.006666667,0.329896907,0.003436426,2.025603329,2.262745201,,1,N1,600,1.117072217,,,by,AA1,1,600,3,573,568,5,579,576,3,0.33,0.003,0.33,0.002,2.32,2.49,-0.440,-2.748,-0.440,-2.878,,2.308,2.438,2.32,2.49,-0.011,-0.051
ah,N1,1,400,4,383,368,15,270,263,7,0.240208877,0.009791123,0.243518519,0.006481481,1.628626619,1.789756072,,1,N1,400,1.098935785,,,by,AA1,1,400,4,73,72,1,290,284,6,0.25,0.003,0.24,0.005,2.02,1.87,-0.674,-2.748,-0.706,-2.576,,2.074,1.870,2.02,1.87,0.055,-0.003
ah,N1,1,300,4,350,328,22,0,0,0,0.234285714,0.015714286,,,1.426798416,,,2,N1,800,0.866016573,,,by,AA1,2,1000,2,576,575,1,581,576,5,0.50,0.001,0.50,0.004,3.13,2.62,0.000,-3.090,0.000,-2.652,,3.090,2.652,3.13,2.62,-0.040,0.035
ah,N1,1,200,4,9,8,1,0,0,0,0.222222222,0.027777778,,,1.149796147,,,2,N1,1000,1.012982736,,,by,AA1,2,800,3,597,576,21,589,576,13,0.32,0.012,0.33,0.007,1.80,1.99,-0.468,-2.326,-0.440,-2.457,,1.858,2.017,1.80,1.99,0.055,0.029
ah,N1,2,800,3,380,375,5,593,576,17,0.328947368,0.004385965,0.323777403,0.00955593,2.177995477,1.88618018,,2,N1,600,1.149500301,,,by,AA1,2,600,3,561,539,22,582,576,6,0.32,0.013,0.33,0.003,1.76,2.26,-0.468,-2.326,-0.440,-2.748,,1.858,2.308,1.76,2.26,0.101,0.045
ah,N1,2,1000,2,96,96,0,577,576,1,0.5,0.001,0.499133449,0.000866551,3.090232306,3.130351975,,2,N1,400,1.193303696,,,by,AA1,2,400,4,102,93,9,233,224,9,0.23,0.022,0.24,0.010,1.27,1.63,-0.739,-2.054,-0.706,-2.326,,1.315,1.620,1.27,1.63,0.048,-0.014
ah,N1,2,600,3,407,392,15,587,576,11,0.321048321,0.012285012,0.327086882,0.006246451,1.783327361,2.049935338,,3,N1,800,0.737763805,,,by,AA1,3,1000,2,576,576,0,576,576,0,0.50,0.001,0.50,0.001,3.09,3.09,0.000,-3.090,0.000,-3.090,,3.090,3.090,3.09,3.09,0.000,0.000
ah,N1,2,400,4,401,363,38,298,281,17,0.226309227,0.023690773,0.235738255,0.014261745,1.231816806,1.469931547,,3,N1,1000,0.944670954,,,by,AA1,3,800,3,590,575,15,590,576,14,0.32,0.008,0.33,0.008,1.93,1.96,-0.468,-2.409,-0.440,-2.409,,1.941,1.969,1.93,1.96,0.007,0.009
ah,N1,2,300,4,324,299,25,0,0,0,0.230709877,0.019290123,,,1.332125082,,,3,N1,600,1.115743805,,,by,AA1,3,600,3,584,570,14,584,576,8,0.33,0.008,0.33,0.005,1.96,2.16,-0.440,-2.409,-0.440,-2.576,,1.969,2.136,1.96,2.16,0.012,-0.028
ah,N1,2,200,4,0,0,0,0,0,0,,,,,,,,3,N1,400,1.217414797,,,by,AA1,3,400,4,102,97,5,256,240,16,0.24,0.012,0.23,0.016,1.54,1.43,-0.706,-2.326,-0.739,-2.054,,1.620,1.315,1.54,1.43,0.085,-0.114
ah,N1,3,800,3,379,378,1,589,576,13,0.332453826,0.000879507,0.325976231,0.007357102,2.695017554,1.988286404,,1,N2,800,1.40108234,,,co,AA2,1,1000,2,574,570,4,576,576,0,0.50,0.003,0.50,0.001,2.69,3.09,0.000,-2.748,0.000,-3.090,,2.748,3.090,2.69,3.09,0.058,0.000
ah,N1,3,1000,2,96,96,0,578,576,2,0.5,0.001,0.498269896,0.001730104,3.090232306,2.9192527,,1,N2,1000,1.012982736,,,co,AA2,1,800,3,580,576,4,576,576,0,0.33,0.002,0.33,0.001,2.40,2.66,-0.440,-2.878,-0.440,-3.090,,2.438,2.650,2.40,2.66,0.041,-0.010
ah,N1,3,600,3,408,392,16,590,576,14,0.320261438,0.013071895,0.325423729,0.007909605,1.757101326,1.96047492,,1,N2,600,1.408328057,,,co,AA2,1,600,3,582,576,6,576,576,0,0.33,0.003,0.33,0.001,2.26,2.66,-0.440,-2.748,-0.440,-3.090,,2.308,2.650,2.26,2.66,0.045,-0.010
ah,N1,3,400,4,388,352,36,290,275,15,0.226804124,0.023195876,0.237068966,0.012931034,1.242398311,1.512514088,,1,N2,400,1.050308286,,,co,AA2,1,400,4,191,184,7,245,244,1,0.24,0.009,0.25,0.001,1.66,2.41,-0.706,-2.366,-0.674,-3.090,,1.660,2.416,1.66,2.41,0.005,0.009
ah,N1,3,300,4,340,297,43,0,0,0,0.218382353,0.031617647,,,1.079865375,,,2,N2,800,1.194854072,,,co,AA2,2,1000,2,579,576,3,576,576,0,0.50,0.003,0.50,0.001,2.79,3.09,0.000,-2.748,0.000,-3.090,,2.748,3.090,2.79,3.09,-0.041,0.000
ah,N1,3,200,4,0,0,0,0,0,0,,,,,,,,2,N2,1000,1,,,co,AA2,2,800,3,585,576,9,581,576,5,0.33,0.005,0.33,0.003,2.12,2.32,-0.440,-2.576,-0.440,-2.748,,2.136,2.308,2.12,2.32,0.014,-0.016
ll,N7,1,800,3,396,396,0,582,576,6,0.333333333,0.001,0.329896907,0.003436426,2.659505006,2.262745201,,2,N2,600,1.379389969,,,co,AA2,2,600,3,588,576,12,543,533,10,0.33,0.007,0.33,0.006,2.02,2.06,-0.440,-2.457,-0.440,-2.510,,2.017,2.070,2.02,2.06,-0.001,0.014
ll,N7,1,1000,2,132,132,0,578,575,3,0.5,0.001,0.497404844,0.002595156,3.090232306,2.788473655,,2,N2,400,1.455617351,,,co,AA2,2,400,4,171,154,17,207,202,5,0.23,0.025,0.24,0.006,1.21,1.82,-0.739,-1.881,-0.706,-2.510,,1.142,1.804,1.21,1.82,-0.066,-0.012
ll,N7,1,600,3,445,440,5,578,576,2,0.329588015,0.003745318,0.332179931,0.001153403,2.23315522,2.613693347,,3,N2,800,1.270020069,,,co,AA2,3,1000,2,577,576,1,573,566,7,0.50,0.001,0.49,0.006,3.13,2.49,0.000,-3.090,-1.645,-2.510,,3.090,0.865,3.13,2.49,-0.040,-1.626
ll,N7,1,400,4,535,527,8,336,331,5,0.246261682,0.003738318,0.246279762,0.003720238,1.988532625,1.990215014,,3,N2,1000,1.058569649,,,co,AA2,3,800,3,594,576,18,484,480,4,0.32,0.010,0.33,0.003,1.86,2.34,-0.468,-2.326,-0.440,-2.748,,1.858,2.308,1.86,2.34,-0.006,-0.029
ll,N7,1,300,4,432,424,8,0,0,0,0.24537037,0.00462963,,,1.913199252,,,3,N2,600,1.30980019,,,co,AA2,3,600,3,600,573,27,481,480,1,0.32,0.015,0.33,0.001,1.70,2.76,-0.468,-2.054,-0.440,-3.090,,1.586,2.650,1.70,2.76,-0.112,-0.115
ll,N7,1,200,4,96,86,10,0,0,0,0.223958333,0.026041667,,,1.183551489,,,3,N2,400,0.946611701,,,co,AA2,3,400,4,156,138,18,184,183,1,0.22,0.029,0.25,0.001,1.13,2.32,-0.772,-1.881,-0.674,-3.090,,1.109,2.416,1.13,2.32,-0.021,0.097
ll,N7,2,800,3,398,396,2,594,576,18,0.331658291,0.001675042,0.323232323,0.01010101,2.498305104,1.863895465,,1,N3,800,1.02811164,,,ky,AA3,1,1000,2,577,576,1,576,576,0,0.50,0.001,0.50,0.001,3.13,3.09,0.000,-3.090,0.000,-3.090,,3.090,3.090,3.13,3.09,-0.040,0.000
ll,N7,2,1000,2,133,132,1,601,575,26,0.496240602,0.003759398,0.478369384,0.021630616,2.663524199,1.966932558,,1,N3,1000,#DIV/0!,,,ky,AA3,1,800,3,582,576,6,578,575,3,0.33,0.003,0.33,0.002,2.26,2.49,-0.440,-2.748,-0.440,-2.878,,2.308,2.438,2.26,2.49,0.045,-0.050
ll,N7,2,600,3,445,440,5,591,576,15,0.329588015,0.003745318,0.324873096,0.008460237,2.23315522,1.934316432,,1,N3,600,0.982774366,,,ky,AA3,1,600,3,546,540,6,577,575,2,0.33,0.004,0.33,0.001,2.24,2.61,-0.440,-2.652,-0.440,-3.090,,2.212,2.650,2.24,2.61,-0.029,0.037
ll,N7,2,400,4,542,527,15,318,312,6,0.243081181,0.006918819,0.245283019,0.004716981,1.76502523,1.906505384,,1,N3,400,1.094130597,,,ky,AA3,1,400,4,210,201,9,79,78,1,0.24,0.011,0.25,0.003,1.59,2.05,-0.706,-2.326,-0.674,-2.748,,1.620,2.074,1.59,2.05,0.028,0.028
ll,N7,2,300,4,404,398,6,0,0,0,0.246287129,0.003712871,,,1.990902563,,,2,N3,800,0.664051372,,,ky,AA3,2,1000,2,576,576,0,576,576,0,0.50,0.001,0.50,0.001,3.09,3.09,0.000,-3.090,0.000,-3.090,,3.090,3.090,3.09,3.09,0.000,0.000
ll,N7,2,200,4,118,105,13,0,0,0,0.222457627,0.027542373,,,1.154287745,,,2,N3,1000,#DIV/0!,,,ky,AA3,2,800,3,585,575,10,583,576,7,0.33,0.006,0.33,0.004,2.08,2.21,-0.440,-2.512,-0.440,-2.652,,2.072,2.212,2.08,2.21,-0.012,0.002
ll,N7,3,800,3,398,396,2,600,576,24,0.331658291,0.001675042,0.32,0.013333333,2.498305104,1.74866399,,2,N3,600,1.06219097,,,ky,AA3,2,600,3,576,557,19,584,576,8,0.32,0.011,0.33,0.005,1.83,2.16,-0.468,-2.326,-0.440,-2.576,,1.858,2.136,1.83,2.16,0.029,-0.028
ll,N7,3,1000,2,132,132,0,604,576,28,0.5,0.001,0.476821192,0.023178808,3.090232306,1.933989143,,2,N3,400,0.854690733,,,ky,AA3,2,400,4,182,170,12,117,107,10,0.23,0.016,0.23,0.021,1.41,1.28,-0.739,-2.054,-0.739,-2.054,,1.315,1.315,1.41,1.28,-0.090,0.032
ll,N7,3,600,3,444,440,4,591,576,15,0.33033033,0.003003003,0.324873096,0.008460237,2.308452098,1.934316432,,3,N3,800,0.758788457,,,ky,AA3,3,1000,2,577,576,1,576,576,0,0.50,0.001,0.50,0.001,3.13,3.09,0.000,-3.090,0.000,-3.090,,3.090,3.090,3.13,3.09,-0.040,0.000
ll,N7,3,400,4,537,528,9,383,367,16,0.245810056,0.004189944,0.239556136,0.010443864,1.948633356,1.602276616,,3,N3,1000,#DIV/0!,,,ky,AA3,3,800,3,588,576,12,582,576,6,0.33,0.007,0.33,0.003,2.02,2.26,-0.440,-2.457,-0.440,-2.748,,2.017,2.308,2.02,2.26,-0.001,0.045
ll,N7,3,300,4,432,414,18,0,0,0,0.239583333,0.010416667,,,1.603347816,,,3,N3,600,0.914606251,,,ky,AA3,3,600,3,591,576,15,580,576,4,0.32,0.008,0.33,0.002,1.93,2.40,-0.468,-2.409,-0.440,-2.878,,1.941,2.438,1.93,2.40,0.007,0.041
ll,N7,3,200,4,103,98,5,0,0,0,0.237864078,0.012135922,,,1.539608643,,,3,N3,400,1.174772242,,,ky,AA3,3,400,4,208,187,21,139,131,8,0.22,0.025,0.24,0.014,1.20,1.47,-0.772,-1.881,-0.706,-2.326,,1.109,1.620,1.20,1.47,-0.091,0.154
it,N6,1,800,3,578,575,3,578,576,2,0.33160323,0.001730104,0.332179931,0.001153403,2.488098978,2.613693347,,1,N4,800,1.397682876,,,mb,AA4,1,1000,2,577,576,1,576,576,0,0.50,0.001,0.50,0.001,3.13,3.09,0.000,-3.090,0.000,-3.090,,3.090,3.090,3.13,3.09,-0.040,0.000
it,N6,1,1000,2,576,576,0,576,576,0,0.5,0.001,0.5,0.001,3.090232306,3.090232306,,1,N4,1000,1.122834046,,,mb,AA4,1,800,3,694,598,96,576,576,0,0.29,0.046,0.33,0.001,1.12,2.66,-0.553,-1.645,-0.440,-3.090,,1.092,2.650,1.12,2.66,-0.030,-0.010
it,N6,1,600,3,576,572,4,579,576,3,0.331018519,0.002314815,0.331606218,0.001727116,2.394631841,2.488645298,,1,N4,600,1.363600717,,,mb,AA4,1,600,3,442,423,19,576,576,0,0.32,0.014,0.33,0.001,1.72,2.66,-0.468,-2.326,-0.440,-3.090,,1.858,2.650,1.72,2.66,0.140,-0.010
it,N6,1,400,4,221,219,2,410,402,8,0.247737557,0.002262443,0.245121951,0.004878049,2.157417839,1.894435246,,1,N4,400,1.353682167,,,mb,AA4,1,400,4,27,26,1,293,292,1,0.24,0.009,0.25,0.001,1.65,2.46,-0.706,-2.366,-0.674,-3.090,,1.660,2.416,1.65,2.46,0.009,-0.044
it,N6,1,300,4,0,0,0,0,0,0,,,,,,,,2,N4,800,1.446894953,,,mb,AA4,2,1000,2,577,576,1,576,576,0,0.50,0.001,0.50,0.001,3.13,3.09,0.000,-3.090,0.000,-3.090,,3.090,3.090,3.13,3.09,-0.040,0.000
it,N6,1,200,4,0,0,0,0,0,0,,,,,,,,2,N4,1000,1.254412403,,,mb,AA4,2,800,3,676,575,101,583,576,7,0.28,0.050,0.33,0.004,1.07,2.21,-0.583,-1.645,-0.440,-2.652,,1.062,2.212,1.07,2.21,-0.012,0.002
it,N6,2,800,3,583,575,8,583,576,7,0.328759291,0.004574042,0.329331046,0.004002287,2.163128268,2.210115716,,2,N4,600,1.277769854,,,mb,AA4,2,600,3,463,426,37,578,576,2,0.31,0.027,0.33,0.001,1.43,2.61,-0.496,-1.881,-0.440,-3.090,,1.385,2.650,1.43,2.61,-0.042,0.036
it,N6,2,1000,2,576,576,0,576,576,0,0.5,0.001,0.5,0.001,3.090232306,3.090232306,,2,N4,400,2.204657339,,,mb,AA4,2,400,4,18,17,1,281,276,5,0.24,0.014,0.25,0.004,1.48,1.93,-0.706,-2.326,-0.674,-2.652,,1.620,1.978,1.48,1.93,0.138,0.051
it,N6,2,600,3,590,576,14,580,576,4,0.325423729,0.007909605,0.331034483,0.002298851,1.96047492,2.396888119,,3,N4,800,1.197869054,,,mb,AA4,3,1000,2,576,576,0,576,576,0,0.50,0.001,0.50,0.001,3.09,3.09,0.000,-3.090,0.000,-3.090,,3.090,3.090,3.09,3.09,0.000,0.000
it,N6,2,400,4,226,204,22,430,415,15,0.225663717,0.024336283,0.24127907,0.00872093,1.218244945,1.675064426,,3,N4,1000,1.072312779,,,mb,AA4,3,800,3,621,576,45,582,576,6,0.31,0.024,0.33,0.003,1.48,2.26,-0.496,-2.054,-0.440,-2.748,,1.558,2.308,1.48,2.26,0.082,0.045
it,N6,2,300,4,0,0,0,0,0,0,,,,,,,,3,N4,600,1.492279204,,,mb,AA4,3,600,3,545,505,40,580,576,4,0.31,0.024,0.33,0.002,1.47,2.40,-0.496,-2.054,-0.440,-2.878,,1.558,2.438,1.47,2.40,0.088,0.041
it,N6,2,200,4,0,0,0,0,0,0,,,,,,,,3,N4,400,0.536166444,,,mb,AA4,3,400,4,17,17,0,278,272,6,0.25,0.001,0.24,0.005,2.42,1.86,-0.674,-3.090,-0.706,-2.576,,2.416,1.870,2.42,1.86,0.000,0.012
it,N6,3,800,3,598,576,22,586,576,10,0.321070234,0.012263099,0.327645051,0.005688282,1.784076534,2.084489061,,1,N5,800,0.981824098,,,mg,AMS1,1,1000,2,575,575,0,576,576,0,0.50,0.001,0.50,0.001,3.09,3.09,0.000,-3.090,0.000,-3.090,,3.090,3.090,3.09,3.09,0.000,0.000
it,N6,3,1000,2,576,576,0,576,576,0,0.5,0.001,0.5,0.001,3.090232306,3.090232306,,1,N5,1000,1,,,mg,AMS1,1,800,3,597,574,23,578,576,2,0.32,0.013,0.33,0.001,1.76,2.61,-0.468,-2.326,-0.440,-3.090,,1.858,2.650,1.76,2.61,0.093,0.036
it,N6,3,600,3,590,576,14,579,576,3,0.325423729,0.007909605,0.331606218,0.001727116,1.96047492,2.488645298,,1,N5,600,1.235335048,,,mg,AMS1,1,600,3,488,484,4,582,576,6,0.33,0.003,0.33,0.003,2.34,2.26,-0.440,-2.748,-0.440,-2.748,,2.308,2.308,2.34,2.26,-0.032,0.045
it,N6,3,400,4,243,224,19,441,428,13,0.230452675,0.019547325,0.242630385,0.007369615,1.325832381,1.740857406,,1,N5,400,1.128559673,,,mg,AMS1,1,400,4,62,60,2,219,214,5,0.24,0.008,0.24,0.006,1.71,1.84,-0.706,-2.409,-0.706,-2.510,,1.703,1.804,1.71,1.84,-0.003,-0.033
it,N6,3,300,4,0,0,0,0,0,0,,,,,,,,2,N5,800,0.918746879,,,mg,AMS1,2,1000,2,574,574,0,576,576,0,0.50,0.001,0.50,0.001,3.09,3.09,0.000,-3.090,0.000,-3.090,,3.090,3.090,3.09,3.09,0.000,0.000
it,N6,3,200,4,0,0,0,0,0,0,,,,,,,,2,N5,1000,1,,,mg,AMS1,2,800,3,582,576,6,576,576,0,0.33,0.003,0.33,0.001,2.26,2.66,-0.440,-2.748,-0.440,-3.090,,2.308,2.650,2.26,2.66,0.045,-0.010
sm,N9,1,800,3,397,396,1,579,576,3,0.332493703,0.000839631,0.331606218,0.001727116,2.708738777,2.488645298,,2,N5,600,1.203524289,,,mg,AMS1,2,600,3,565,554,11,579,576,3,0.33,0.006,0.33,0.002,2.04,2.49,-0.440,-2.512,-0.440,-2.878,,2.072,2.438,2.04,2.49,0.036,-0.051
sm,N9,1,1000,2,0,0,0,577,576,1,,,0.499133449,0.000866551,,3.130351975,,2,N5,400,0.967588325,,,mg,AMS1,2,400,4,90,86,4,229,222,7,0.24,0.011,0.24,0.008,1.58,1.73,-0.706,-2.326,-0.706,-2.409,,1.620,1.703,1.58,1.73,0.043,-0.024
sm,N9,1,600,3,553,516,37,576,576,0,0.311030741,0.022302592,0.333333333,0.001,1.515427938,2.659505006,,3,N5,800,1.050683396,,,mg,AMS1,3,1000,2,576,576,0,576,576,0,0.50,0.001,0.50,0.001,3.09,3.09,0.000,-3.090,0.000,-3.090,,3.090,3.090,3.09,3.09,0.000,0.000
sm,N9,1,400,4,451,439,12,334,332,2,0.243348115,0.006651885,0.248502994,0.001497006,1.779959294,2.289143904,,3,N5,1000,1,,,mg,AMS1,3,800,3,587,576,11,577,576,1,0.33,0.006,0.33,0.001,2.05,2.82,-0.440,-2.512,-0.440,-3.090,,2.072,2.650,2.05,2.82,0.022,-0.167
sm,N9,1,300,4,426,405,21,0,0,0,0.237676056,0.012323944,,,1.533079041,,,3,N5,600,1.229610721,,,mg,AMS1,3,600,3,568,558,10,577,576,1,0.33,0.006,0.33,0.001,2.07,2.82,-0.440,-2.512,-0.440,-3.090,,2.072,2.650,2.07,2.82,-0.001,-0.167
sm,N9,1,200,4,39,33,6,0,0,0,0.211538462,0.038461538,,,0.967730516,,,3,N5,400,1.019273977,,,mg,AMS1,3,400,4,104,99,5,234,228,6,0.24,0.012,0.24,0.006,1.54,1.79,-0.706,-2.326,-0.706,-2.512,,1.620,1.806,1.54,1.79,0.076,0.012
sm,N9,2,800,3,399,396,3,613,576,37,0.330827068,0.002506266,0.313213703,0.02011963,2.36859677,1.564522957,,1,N6,800,1.050478044,,,bb,AS1,1,1000,2,258,258,0,576,576,0,0.50,0.001,0.50,0.001,3.09,3.09,0.000,-3.090,0.000,-3.090,,3.090,3.090,3.09,3.09,0.000,0.000
sm,N9,2,1000,2,0,0,0,593,576,17,,,0.485666105,0.014333895,,2.1520874,,1,N6,1000,1,,,bb,AS1,1,800,3,463,421,42,581,576,5,0.30,0.030,0.33,0.003,1.36,2.32,-0.524,-1.881,-0.440,-2.748,,1.357,2.308,1.36,2.32,-0.005,-0.016
sm,N9,2,600,3,408,396,12,593,576,17,0.323529412,0.009803922,0.323777403,0.00955593,1.875916628,1.88618018,,1,N6,600,1.039260088,,,bb,AS1,1,600,3,317,302,15,546,542,4,0.32,0.016,0.33,0.002,1.68,2.38,-0.468,-2.054,-0.440,-2.878,,1.586,2.438,1.68,2.38,-0.090,0.061
sm,N9,2,400,4,550,528,22,478,459,19,0.24,0.01,0.240062762,0.009937238,1.620045311,1.62260852,,1,N6,400,0.878103078,,,bb,AS1,1,400,4,308,286,22,141,141,0,0.23,0.018,0.25,0.001,1.37,2.42,-0.739,-2.054,-0.674,-3.090,,1.315,2.416,1.37,2.42,-0.053,0.000
sm,N9,2,300,4,504,472,32,0,0,0,0.234126984,0.015873016,,,1.422270993,,,2,N6,800,1.021721989,,,bb,AS1,2,1000,2,293,256,37,585,569,16,0.44,0.063,0.49,0.014,1.37,2.17,-0.151,-1.555,-0.025,-2.326,,1.404,2.301,1.37,2.17,0.034,0.129
sm,N9,2,200,4,13,11,2,0,0,0,0.211538462,0.038461538,,,0.967730516,,,2,N6,1000,1,,,bb,AS1,2,800,3,474,412,62,609,576,33,0.29,0.044,0.32,0.018,1.16,1.61,-0.553,-1.751,-0.468,-2.054,,1.198,1.586,1.16,1.61,0.042,-0.029
sm,N9,3,800,3,397,396,1,589,576,13,0.332493703,0.000839631,0.325976231,0.007357102,2.708738777,1.988286404,,2,N6,600,1.222605857,,,bb,AS1,2,600,3,340,277,63,614,561,53,0.27,0.062,0.30,0.029,0.93,1.39,-0.613,-1.555,-0.524,-1.881,,0.942,1.357,0.93,1.39,0.010,-0.031
sm,N9,3,1000,2,0,0,0,610,576,34,,,0.472131148,0.027868852,,1.843167075,,2,N6,400,1.374981635,,,bb,AS1,2,400,4,240,177,63,58,50,8,0.18,0.066,0.22,0.034,0.61,1.03,-0.915,-1.476,-0.772,-1.881,,0.561,1.109,0.61,1.03,-0.049,0.078
sm,N9,3,600,3,410,396,14,592,576,16,0.32195122,0.011382114,0.324324324,0.009009009,1.815119068,1.909607332,,3,N6,800,1.168385448,,,bb,AS1,3,1000,2,282,256,26,584,576,8,0.45,0.046,0.49,0.007,1.57,2.45,-0.126,-1.645,-0.025,-2.457,,1.519,2.432,1.57,2.45,-0.049,-0.016
sm,N9,3,400,4,562,526,36,447,432,15,0.233985765,0.016014235,0.241610738,0.008389262,1.41827167,1.690394714,,3,N6,1000,1,,,bb,AS1,3,800,3,489,425,64,619,576,43,0.29,0.044,0.31,0.023,1.16,1.50,-0.553,-1.751,-0.496,-2.054,,1.198,1.558,1.16,1.50,0.042,0.061
sm,N9,3,300,4,484,452,32,0,0,0,0.233471074,0.016528926,,,1.403916598,,,3,N6,600,1.269409403,,,bb,AS1,3,600,3,375,291,84,587,551,36,0.26,0.075,0.31,0.020,0.79,1.56,-0.643,-1.405,-0.496,-2.054,,0.762,1.558,0.79,1.56,-0.032,0.001
sm,N9,3,200,4,18,15,3,0,0,0,0.208333333,0.041666667,,,0.91944659,,,3,N6,400,1.313029785,,,bb,AS1,3,400,4,279,199,80,18,12,6,0.18,0.072,0.17,0.083,0.54,0.42,-0.915,-1.476,-0.954,-1.405,,0.561,0.451,0.54,0.42,0.019,0.035
sr,N10,1,800,3,576,575,1,578,576,2,0.33275463,0.000578704,0.332179931,0.001153403,2.81685421,2.613693347,,1,N7,800,0.850814417,,,et,AS2,1,1000,2,571,570,1,579,576,3,0.50,0.001,0.50,0.003,3.13,2.79,0.000,-3.090,0.000,-2.748,,3.090,2.748,3.13,2.79,-0.037,-0.041
sr,N10,1,1000,2,189,189,0,576,576,0,0.5,0.001,0.5,0.001,3.090232306,3.090232306,,1,N7,1000,0.90235082,,,et,AS2,1,800,3,766,568,198,579,576,3,0.25,0.086,0.33,0.002,0.68,2.49,-0.674,-1.341,-0.440,-2.878,,0.667,2.438,0.68,2.49,-0.014,-0.051
sr,N10,1,600,3,579,575,4,576,576,0,0.331030512,0.002302821,0.333333333,0.001,2.396325718,2.659505006,,1,N7,600,1.170403796,,,et,AS2,1,600,3,508,416,92,579,576,3,0.27,0.060,0.33,0.002,0.95,2.49,-0.613,-1.555,-0.440,-2.878,,0.942,2.438,0.95,2.49,-0.006,-0.051
sr,N10,1,400,4,408,393,15,384,383,1,0.240808824,0.009191176,0.249348958,0.000651042,1.654121924,2.538980137,,1,N7,400,1.000846045,,,et,AS2,1,400,4,46,38,8,282,273,9,0.21,0.043,0.24,0.008,0.89,1.71,-0.806,-1.751,-0.706,-2.409,,0.945,1.703,0.89,1.71,0.052,-0.007
sr,N10,1,300,4,68,60,8,0,0,0,0.220588235,0.029411765,,,1.119301873,,,2,N7,800,0.746063986,,,et,AS2,2,1000,2,579,576,3,579,576,3,0.50,0.003,0.50,0.003,2.79,2.79,0.000,-2.748,0.000,-2.748,,2.748,2.748,2.79,2.79,-0.041,-0.041
sr,N10,1,200,4,0,0,0,0,0,0,,,,,,,,2,N7,1000,0.738469941,,,et,AS2,2,800,3,836,615,221,588,576,12,0.25,0.088,0.33,0.007,0.66,2.02,-0.674,-1.341,-0.440,-2.457,,0.667,2.017,0.66,2.02,0.004,-0.001
sr,N10,2,800,3,577,576,1,580,576,4,0.332755633,0.000577701,0.331034483,0.002298851,2.81735036,2.396888119,,2,N7,600,0.866180915,,,et,AS2,2,600,3,512,401,111,589,576,13,0.26,0.072,0.33,0.007,0.82,1.99,-0.643,-1.476,-0.440,-2.457,,0.833,2.017,0.82,1.99,0.014,0.029
sr,N10,2,1000,2,192,192,0,577,576,1,0.5,0.001,0.499133449,0.000866551,3.090232306,3.130351975,,2,N7,400,1.080157582,,,et,AS2,2,400,4,60,54,6,346,319,27,0.23,0.025,0.23,0.020,1.20,1.33,-0.739,-1.881,-0.739,-2.054,,1.142,1.315,1.20,1.33,-0.063,-0.012
sr,N10,2,600,3,581,576,5,579,576,3,0.330464716,0.002868617,0.331606218,0.001727116,2.323802666,2.488645298,,3,N7,800,0.699940126,,,et,AS2,3,1000,2,580,576,4,578,576,2,0.50,0.003,0.50,0.002,2.69,2.92,0.000,-2.748,0.000,-2.878,,2.748,2.878,2.69,2.92,0.055,-0.041
sr,N10,2,400,4,477,460,17,406,395,11,0.241090147,0.008909853,0.243226601,0.006773399,1.666543102,1.773100296,,3,N7,1000,0.625839403,,,et,AS2,3,800,3,809,599,210,586,576,10,0.25,0.087,0.33,0.006,0.68,2.08,-0.674,-1.341,-0.440,-2.510,,0.667,2.070,0.68,2.08,-0.011,-0.014
sr,N10,2,300,4,132,127,5,0,0,0,0.240530303,0.009469697,,,1.642123983,,,3,N7,600,0.837927906,,,et,AS2,3,600,3,561,424,137,585,576,9,0.25,0.081,0.33,0.005,0.73,2.12,-0.674,-1.405,-0.440,-2.576,,0.731,2.136,0.73,2.12,0.004,0.014
sr,N10,2,200,4,0,0,0,0,0,0,,,,,,,,3,N7,400,0.822256589,,,et,AS2,3,400,4,68,60,8,342,315,27,0.22,0.029,0.23,0.020,1.12,1.32,-0.772,-1.881,-0.739,-2.054,,1.109,1.315,1.12,1.32,-0.010,-0.006
sr,N10,3,800,3,580,576,4,582,575,7,0.331034483,0.002298851,0.32932417,0.004009164,2.396888119,2.209516975,,1,N8,800,1.332809483,,,kp,AS3,1,1000,2,577,576,1,577,576,1,0.50,0.001,0.50,0.001,3.13,3.13,0.000,-3.090,0.000,-3.090,,3.090,3.090,3.13,3.13,-0.040,-0.040
sr,N10,3,1000,2,192,192,0,577,576,1,0.5,0.001,0.499133449,0.000866551,3.090232306,3.130351975,,1,N8,1000,1.058569649,,,kp,AS3,1,800,3,585,576,9,583,576,7,0.33,0.005,0.33,0.004,2.12,2.21,-0.440,-2.576,-0.440,-2.652,,2.136,2.212,2.12,2.21,0.014,0.002
sr,N10,3,600,3,581,576,5,579,576,3,0.330464716,0.002868617,0.331606218,0.001727116,2.323802666,2.488645298,,1,N8,600,1.42527806,,,kp,AS3,1,600,3,547,539,8,583,576,7,0.33,0.005,0.33,0.004,2.14,2.21,-0.440,-2.576,-0.440,-2.652,,2.136,2.212,2.14,2.21,-0.004,0.002
sr,N10,3,400,4,458,448,10,400,392,8,0.244541485,0.005458515,0.245,0.005,1.853575356,1.88552048,,1,N8,400,0.828674167,,,kp,AS3,1,400,4,109,104,5,363,359,4,0.24,0.011,0.25,0.003,1.56,2.09,-0.706,-2.326,-0.674,-2.748,,1.620,2.074,1.56,2.09,0.057,-0.018
sr,N10,3,300,4,172,158,14,0,0,0,0.229651163,0.020348837,,,1.306600799,,,2,N8,800,1.138380046,,,kp,AS3,2,1000,2,583,576,7,612,576,36,0.49,0.006,0.47,0.029,2.50,1.82,-0.025,-2.512,-0.075,-1.881,,2.487,1.806,2.50,1.82,-0.010,-0.010
sr,N10,3,200,4,0,0,0,0,0,0,,,,,,,,2,N8,1000,1.221814963,,,kp,AS3,2,800,3,598,576,22,611,576,35,0.32,0.012,0.31,0.019,1.78,1.59,-0.468,-2.326,-0.496,-2.054,,1.858,1.558,1.78,1.59,0.074,-0.031
ez,N5,1,800,3,397,396,1,576,576,0,0.332493703,0.000839631,0.333333333,0.001,2.708738777,2.659505006,,2,N8,600,1.129817822,,,kp,AS3,2,600,3,581,561,20,600,575,25,0.32,0.011,0.32,0.014,1.81,1.73,-0.468,-2.326,-0.468,-2.326,,1.858,1.858,1.81,1.73,0.046,0.127
ez,N5,1,1000,2,132,132,0,576,576,0,0.5,0.001,0.5,0.001,3.090232306,3.090232306,,2,N8,400,1.2652778,,,kp,AS3,2,400,4,175,163,12,426,410,16,0.23,0.017,0.24,0.009,1.39,1.65,-0.739,-2.054,-0.706,-2.366,,1.315,1.660,1.39,1.65,-0.072,0.014
ez,N5,1,600,3,447,440,7,578,576,2,0.328113348,0.005219985,0.332179931,0.001153403,2.115776891,2.613693347,,3,N8,800,0.948955779,,,kp,AS3,3,1000,2,591,576,15,623,576,47,0.49,0.013,0.46,0.038,2.20,1.68,-0.025,-2.326,-0.100,-1.751,,2.301,1.651,2.20,1.68,0.097,-0.032
ez,N5,1,400,4,539,528,11,197,195,2,0.244897959,0.005102041,0.247461929,0.002538071,1.878202261,2.11966333,,3,N8,1000,1.222082104,,,kp,AS3,3,800,3,593,576,17,605,575,30,0.32,0.010,0.32,0.017,1.89,1.65,-0.468,-2.326,-0.468,-2.054,,1.858,1.586,1.89,1.65,-0.028,-0.069
ez,N5,1,300,4,364,351,13,0,0,0,0.241071429,0.008928571,,,1.665706847,,,3,N8,600,1.262674264,,,kp,AS3,3,600,3,600,576,24,614,576,38,0.32,0.013,0.31,0.021,1.75,1.55,-0.468,-2.326,-0.496,-2.054,,1.858,1.558,1.75,1.55,0.109,0.005
ez,N5,1,200,4,71,65,6,0,0,0,0.228873239,0.021126761,,,1.288451817,,,3,N8,400,1.636747309,,,kp,AS3,3,400,4,228,215,13,397,374,23,0.24,0.014,0.24,0.014,1.47,1.46,-0.706,-2.326,-0.706,-2.326,,1.620,1.620,1.47,1.46,0.150,0.157
ez,N5,2,800,3,397,396,1,579,576,3,0.332493703,0.000839631,0.331606218,0.001727116,2.708738777,2.488645298,,1,N9,800,0.918746879,,,tp,AS4,1,1000,2,577,576,1,577,576,1,0.50,0.001,0.50,0.001,3.13,3.13,0.000,-3.090,0.000,-3.090,,3.090,3.090,3.13,3.13,-0.040,-0.040
ez,N5,2,1000,2,132,132,0,576,576,0,0.5,0.001,0.5,0.001,3.090232306,3.090232306,,1,N9,1000,#DIV/0!,,,tp,AS4,1,800,3,605,558,47,586,576,10,0.31,0.026,0.33,0.006,1.44,2.08,-0.496,-1.881,-0.440,-2.512,,1.385,2.072,1.44,2.08,-0.057,-0.012
ez,N5,2,600,3,448,440,8,579,576,3,0.327380952,0.005952381,0.331606218,0.001727116,2.067798149,2.488645298,,1,N9,600,1.754953132,,,tp,AS4,1,600,3,213,197,16,585,576,9,0.31,0.025,0.33,0.005,1.46,2.12,-0.496,-1.881,-0.440,-2.576,,1.385,2.136,1.46,2.12,-0.074,0.014
ez,N5,2,400,4,548,528,20,240,230,10,0.240875912,0.009124088,0.239583333,0.010416667,1.657055769,1.603347816,,1,N9,400,1.286065312,,,tp,AS4,1,400,4,0,0,0,175,151,24,-,-,0.22,0.034,,1.03,-,-,-0.772,-1.881,,#VALUE!,1.109,,1.03,#VALUE!,0.075
ez,N5,2,300,4,375,366,9,0,0,0,0.244,0.006,,,1.818650982,,,2,N9,800,0.660527354,,,tp,AS4,2,1000,2,839,654,185,593,576,17,0.39,0.110,0.49,0.014,0.95,2.15,-0.279,-1.227,-0.025,-2.326,,0.948,2.301,0.95,2.15,0.003,0.149
ez,N5,2,200,4,70,64,6,0,0,0,0.228571429,0.021428571,,,1.281539805,,,2,N9,1000,#DIV/0!,,,tp,AS4,2,800,3,335,246,89,657,574,83,0.24,0.089,0.29,0.042,0.66,1.18,-0.706,-1.341,-0.553,-1.751,,0.635,1.198,0.66,1.18,-0.024,0.021
ez,N5,3,800,3,399,396,3,579,576,3,0.330827068,0.002506266,0.331606218,0.001727116,2.36859677,2.488645298,,2,N9,600,1.00547122,,,tp,AS4,2,600,3,0,0,0,552,471,81,-,-,0.28,0.049,,1.09,-,-,-0.583,-1.645,,#VALUE!,1.062,,1.09,#VALUE!,-0.024
ez,N5,3,1000,2,132,132,0,576,576,0,0.5,0.001,0.5,0.001,3.090232306,3.090232306,,2,N9,400,1.001582184,,,tp,AS4,2,400,4,0,0,0,0,0,0,-,-,-,-,,,-,-,-,-,,#VALUE!,#VALUE!,,,#VALUE!,#VALUE!
ez,N5,3,600,3,448,439,9,579,576,3,0.326636905,0.006696429,0.331606218,0.001727116,2.023929408,2.488645298,,3,N9,800,0.734026633,,,tp,AS4,3,1000,2,899,725,174,651,575,76,0.40,0.097,0.44,0.058,1.06,1.42,-0.253,-1.282,-0.151,-1.555,,1.029,1.404,1.06,1.42,-0.026,-0.018
ez,N5,3,400,4,549,528,21,198,191,7,0.240437158,0.009562842,0.241161616,0.008838384,1.638175119,1.669749268,,3,N9,1000,#DIV/0!,,,tp,AS4,3,800,3,348,252,96,694,570,124,0.24,0.092,0.27,0.060,0.63,0.96,-0.706,-1.341,-0.613,-1.555,,0.635,0.942,0.63,0.96,0.008,-0.015
ez,N5,3,300,4,411,387,24,0,0,0,0.23540146,0.01459854,,,1.459642043,,,3,N9,600,1.052056235,,,tp,AS4,3,600,3,3,3,0,432,360,72,0.33,0.001,0.28,0.056,2.66,1.00,-0.440,-3.090,-0.583,-1.555,,2.650,0.972,2.66,1.00,-0.010,-0.032
ez,N5,3,200,4,41,39,2,0,0,0,0.237804878,0.012195122,,,1.537544257,,,3,N9,400,1.191869477,,,tp,AS4,3,400,4,0,0,0,0,0,0,-,-,-,-,,,-,-,-,-,,#VALUE!,#VALUE!,,,#VALUE!,#VALUE!
sh,N8,1,800,3,600,573,27,582,576,6,0.318333333,0.015,0.329896907,0.003436426,1.697725916,2.262745201,,1,N10,800,0.927876685,,,jz,ASW1,1,1000,2,576,576,0,577,576,1,0.50,0.001,0.50,0.001,3.09,3.13,0.000,-3.090,0.000,-3.090,,3.090,3.090,3.09,3.13,0.000,-0.040
sh,N8,1,1000,2,578,576,2,576,576,0,0.498269896,0.001730104,0.5,0.001,2.9192527,3.090232306,,1,N10,1000,1,,,jz,ASW1,1,800,3,586,574,12,581,576,5,0.33,0.007,0.33,0.003,2.02,2.32,-0.440,-2.457,-0.440,-2.748,,2.017,2.308,2.02,2.32,0.000,-0.016
sh,N8,1,600,3,521,504,17,578,576,2,0.322456814,0.01087652,0.332179931,0.001153403,1.833812938,2.613693347,,1,N10,600,1.109826175,,,jz,ASW1,1,600,3,553,546,7,579,576,3,0.33,0.004,0.33,0.002,2.19,2.49,-0.440,-2.652,-0.440,-2.878,,2.212,2.438,2.19,2.49,0.020,-0.051
sh,N8,1,400,4,20,20,0,139,137,2,0.25,0.001,0.246402878,0.003597122,2.415742556,2.00186345,,1,N10,400,1.534941349,,,jz,ASW1,1,400,4,187,177,10,371,361,10,0.24,0.013,0.24,0.007,1.50,1.78,-0.706,-2.326,-0.706,-2.457,,1.620,1.751,1.50,1.78,0.122,-0.024
sh,N8,1,300,4,0,0,0,0,0,0,,,,,,,,2,N10,800,0.85075969,,,jz,ASW1,2,1000,2,581,576,5,577,576,1,0.50,0.004,0.50,0.001,2.62,3.13,0.000,-2.652,0.000,-3.090,,2.652,3.090,2.62,3.13,0.035,-0.040
sh,N8,1,200,4,0,0,0,0,0,0,,,,,,,,2,N10,1000,1.012982736,,,jz,ASW1,2,800,3,590,575,15,581,576,5,0.32,0.008,0.33,0.003,1.93,2.32,-0.468,-2.409,-0.440,-2.748,,1.941,2.308,1.93,2.32,0.007,-0.016
sh,N8,2,800,3,602,575,27,591,576,15,0.318383167,0.014950166,0.324873096,0.008460237,1.69918336,1.934316432,,2,N10,600,1.070936588,,,jz,ASW1,2,600,3,599,576,23,583,576,7,0.32,0.013,0.33,0.004,1.77,2.21,-0.468,-2.326,-0.440,-2.652,,1.858,2.212,1.77,2.21,0.092,0.002
sh,N8,2,1000,2,591,576,15,579,575,4,0.487309645,0.012690355,0.496545769,0.003454231,2.203743064,2.69256625,,2,N10,400,1.063939057,,,jz,ASW1,2,400,4,196,189,7,394,378,16,0.24,0.009,0.24,0.010,1.67,1.61,-0.706,-2.366,-0.706,-2.326,,1.660,1.620,1.67,1.61,-0.006,0.006
sh,N8,2,600,3,533,511,22,590,576,14,0.319574734,0.013758599,0.325423729,0.007909605,1.735213307,1.96047492,,3,N10,800,0.92182733,,,jz,ASW1,3,1000,2,579,576,3,577,576,1,0.50,0.003,0.50,0.001,2.79,3.13,0.000,-2.748,0.000,-3.090,,2.748,3.090,2.79,3.13,-0.041,-0.040
sh,N8,2,400,4,21,20,1,184,181,3,0.238095238,0.011904762,0.245923913,0.004076087,1.547745956,1.958328598,,3,N10,1000,1.012982736,,,jz,ASW1,3,800,3,595,576,19,588,576,12,0.32,0.011,0.33,0.007,1.84,2.02,-0.468,-2.326,-0.440,-2.457,,1.858,2.017,1.84,2.02,0.015,-0.001
sh,N8,2,300,4,0,0,0,0,0,0,,,,,,,,3,N10,600,1.070936588,,,jz,ASW1,3,600,3,591,575,16,583,576,7,0.32,0.009,0.33,0.004,1.91,2.21,-0.468,-2.366,-0.440,-2.652,,1.898,2.212,1.91,2.21,-0.011,0.002
sh,N8,2,200,4,0,0,0,0,0,0,,,,,,,,3,N10,400,1.017234327,,,jz,ASW1,3,400,4,200,191,9,378,352,26,0.24,0.011,0.23,0.017,1.57,1.39,-0.706,-2.326,-0.739,-2.054,,1.620,1.315,1.57,1.39,0.049,-0.071
sh,N8,3,800,3,588,575,13,593,576,17,0.325963719,0.007369615,0.323777403,0.00955593,1.987637592,1.88618018,,1,AA1,800,1.275012581,,,ah,N1,1,1000,2,96,96,0,579,576,3,0.50,0.001,0.50,0.003,3.09,2.79,0.000,-3.090,0.000,-2.748,,3.090,2.748,3.09,2.79,0.000,-0.041
sh,N8,3,1000,2,591,576,15,580,576,4,0.487309645,0.012690355,0.496551724,0.003448276,2.203743064,2.693154961,,1,AA1,1000,1,,,ah,N1,1,800,3,378,375,3,578,576,2,0.33,0.003,0.33,0.001,2.35,2.61,-0.440,-2.748,-0.440,-3.090,,2.308,2.650,2.35,2.61,-0.043,0.036
sh,N8,3,600,3,546,515,31,578,566,12,0.314407814,0.018925519,0.326412918,0.006920415,1.593069675,2.011528079,,1,AA1,600,1.073079215,,,ah,N1,1,600,3,400,392,8,582,576,6,0.33,0.007,0.33,0.003,2.03,2.26,-0.440,-2.457,-0.440,-2.748,,2.017,2.308,2.03,2.26,-0.009,0.045
sh,N8,3,400,4,56,50,6,162,159,3,0.223214286,0.026785714,0.24537037,0.00462963,1.168903252,1.913199252,,1,AA1,400,0.927902157,,,ah,N1,1,400,4,383,368,15,270,263,7,0.24,0.010,0.24,0.006,1.63,1.79,-0.706,-2.326,-0.706,-2.510,,1.620,1.804,1.63,1.79,-0.009,0.014
sh,N8,3,300,4,0,0,0,0,0,0,,,,,,,,2,AA1,800,1.102884202,,,ah,N1,2,1000,2,96,96,0,577,576,1,0.50,0.001,0.50,0.001,3.09,3.13,0.000,-3.090,0.000,-3.090,,3.090,3.090,3.09,3.13,0.000,-0.040
sh,N8,3,200,4,0,0,0,0,0,0,,,,,,,,2,AA1,1000,0.835998726,,,ah,N1,2,800,3,380,375,5,593,576,17,0.33,0.004,0.32,0.010,2.18,1.89,-0.440,-2.652,-0.468,-2.326,,2.212,1.858,2.18,1.89,0.034,-0.028
dd,N3,1,800,3,458,456,2,578,576,2,0.331877729,0.001455604,0.332179931,0.001153403,2.542227173,2.613693347,,2,AA1,600,1.287771609,,,ah,N1,2,600,3,407,392,15,587,576,11,0.32,0.012,0.33,0.006,1.78,2.05,-0.468,-2.326,-0.440,-2.510,,1.858,2.070,1.78,2.05,0.075,0.020
dd,N3,1,1000,2,0,0,0,576,576,0,,,0.5,0.001,,3.090232306,,2,AA1,400,1.289508694,,,ah,N1,2,400,4,401,363,38,298,281,17,0.23,0.024,0.24,0.014,1.23,1.47,-0.739,-2.054,-0.706,-2.326,,1.315,1.620,1.23,1.47,0.083,0.150
dd,N3,1,600,3,456,456,0,578,576,2,0.333333333,0.001,0.332179931,0.001153403,2.659505006,2.613693347,,3,AA1,800,1.013870458,,,ah,N1,3,1000,2,96,96,0,578,576,2,0.50,0.001,0.50,0.002,3.09,2.92,0.000,-3.090,0.000,-2.878,,3.090,2.878,3.09,2.92,0.000,-0.041
dd,N3,1,400,4,621,608,13,394,389,5,0.244766506,0.005233494,0.246827411,0.003172589,1.868955817,2.044881743,,3,AA1,1000,1,,,ah,N1,3,800,3,379,378,1,589,576,13,0.33,0.001,0.33,0.007,2.70,1.99,-0.440,-3.090,-0.440,-2.457,,2.650,2.017,2.70,1.99,-0.045,0.029
dd,N3,1,300,4,412,398,14,0,0,0,0.241504854,0.008495146,,,1.685447682,,,3,AA1,600,1.105910045,,,ah,N1,3,600,3,408,392,16,590,576,14,0.32,0.013,0.33,0.008,1.76,1.96,-0.468,-2.326,-0.440,-2.409,,1.858,1.969,1.76,1.96,0.101,0.009
dd,N3,1,200,4,84,72,12,0,0,0,0.214285714,0.035714286,,,1.011104478,,,3,AA1,400,0.930895782,,,ah,N1,3,400,4,388,352,36,290,275,15,0.23,0.023,0.24,0.013,1.24,1.51,-0.739,-2.054,-0.706,-2.326,,1.315,1.620,1.24,1.51,0.073,0.107
dd,N3,2,800,3,456,456,0,599,576,23,0.333333333,0.001,0.320534224,0.01279911,2.659505006,1.766047947,,1,AA2,800,1.109565768,,,sr,N10,1,1000,2,189,189,0,576,576,0,0.50,0.001,0.50,0.001,3.09,3.09,0.000,-3.090,0.000,-3.090,,3.090,3.090,3.09,3.09,0.000,0.000
dd,N3,2,1000,2,0,0,0,587,576,11,,,0.490630324,0.009369676,,2.327187369,,1,AA2,1000,1.148953926,,,sr,N10,1,800,3,576,575,1,578,576,2,0.33,0.001,0.33,0.001,2.82,2.61,-0.440,-3.090,-0.440,-3.090,,2.650,2.650,2.82,2.61,-0.167,0.036
dd,N3,2,600,3,464,456,8,583,576,7,0.327586207,0.005747126,0.329331046,0.004002287,2.080714089,2.210115716,,1,AA2,600,1.175344447,,,sr,N10,1,600,3,579,575,4,576,576,0,0.33,0.002,0.33,0.001,2.40,2.66,-0.440,-2.878,-0.440,-3.090,,2.438,2.650,2.40,2.66,0.042,-0.010
dd,N3,2,400,4,616,608,8,543,527,16,0.246753247,0.003246753,0.242633517,0.007366483,2.03701874,1.741021041,,1,AA2,400,1.453756538,,,sr,N10,1,400,4,408,393,15,384,383,1,0.24,0.009,0.25,0.001,1.65,2.54,-0.706,-2.366,-0.674,-3.090,,1.660,2.416,1.65,2.54,0.006,-0.123
dd,N3,2,300,4,399,380,19,0,0,0,0.238095238,0.011904762,,,1.547745956,,,2,AA2,800,1.095003305,,,sr,N10,2,1000,2,192,192,0,577,576,1,0.50,0.001,0.50,0.001,3.09,3.13,0.000,-3.090,0.000,-3.090,,3.090,3.090,3.09,3.13,0.000,-0.040
dd,N3,2,200,4,72,68,4,0,0,0,0.236111111,0.013888889,,,1.481542525,,,2,AA2,1000,1.107989935,,,sr,N10,2,800,3,577,576,1,580,576,4,0.33,0.001,0.33,0.002,2.82,2.40,-0.440,-3.090,-0.440,-2.878,,2.650,2.438,2.82,2.40,-0.167,0.041
dd,N3,3,800,3,456,456,0,588,576,12,0.333333333,0.001,0.326530612,0.006802721,2.659505006,2.018001699,,2,AA2,600,1.019025018,,,sr,N10,2,600,3,581,576,5,579,576,3,0.33,0.003,0.33,0.002,2.32,2.49,-0.440,-2.748,-0.440,-2.878,,2.308,2.438,2.32,2.49,-0.016,-0.051
dd,N3,3,1000,2,0,0,0,589,576,13,,,0.488964346,0.011035654,,2.261472663,,2,AA2,400,1.504095339,,,sr,N10,2,400,4,477,460,17,406,395,11,0.24,0.009,0.24,0.007,1.67,1.77,-0.706,-2.366,-0.706,-2.457,,1.660,1.751,1.67,1.77,-0.007,-0.022
dd,N3,3,600,3,460,456,4,585,576,9,0.330434783,0.002898551,0.328205128,0.005128205,2.320329442,2.122187811,,3,AA2,800,1.25398908,,,sr,N10,3,1000,2,192,192,0,577,576,1,0.50,0.001,0.50,0.001,3.09,3.13,0.000,-3.090,0.000,-3.090,,3.090,3.090,3.09,3.13,0.000,-0.040
dd,N3,3,400,4,628,608,20,498,491,7,0.242038217,0.007961783,0.246485944,0.003514056,1.710901504,2.009919595,,3,AA2,1000,0.795603593,,,sr,N10,3,800,3,580,576,4,582,575,7,0.33,0.002,0.33,0.004,2.40,2.21,-0.440,-2.878,-0.440,-2.652,,2.438,2.212,2.40,2.21,0.041,0.002
dd,N3,3,300,4,406,389,17,0,0,0,0.23953202,0.01046798,,,1.601328626,,,3,AA2,600,1.628599955,,,sr,N10,3,600,3,581,576,5,579,576,3,0.33,0.003,0.33,0.002,2.32,2.49,-0.440,-2.748,-0.440,-2.878,,2.308,2.438,2.32,2.49,-0.016,-0.051
dd,N3,3,200,4,88,72,16,0,0,0,0.204545455,0.045454545,,,0.865127145,,,3,AA2,400,2.052929769,,,sr,N10,3,400,4,458,448,10,400,392,8,0.24,0.005,0.25,0.005,1.85,1.89,-0.706,-2.576,-0.674,-2.576,,1.870,1.902,1.85,1.89,0.016,0.016
dl,N4,1,800,3,593,571,22,579,576,3,0.320966835,0.012366498,0.331606218,0.001727116,1.780550754,2.488645298,,1,AA3,800,1.099593086,,,aj,N2,1,1000,2,576,576,0,577,576,1,0.50,0.001,0.50,0.001,3.09,3.13,0.000,-3.090,0.000,-3.090,,3.090,3.090,3.09,3.13,0.000,-0.040
dl,N4,1,1000,2,577,574,3,577,576,1,0.497400347,0.002599653,0.499133449,0.000866551,2.787902616,3.130351975,,1,AA3,1000,0.987183656,,,aj,N2,1,800,3,635,595,40,584,576,8,0.31,0.021,0.33,0.005,1.54,2.16,-0.496,-2.054,-0.440,-2.576,,1.558,2.136,1.54,2.16,0.014,-0.028
dl,N4,1,600,3,510,493,17,579,576,3,0.322222222,0.011111111,0.331606218,0.001727116,1.82505426,2.488645298,,1,AA3,600,1.166162426,,,aj,N2,1,600,3,550,533,17,578,576,2,0.32,0.010,0.33,0.001,1.86,2.61,-0.468,-2.326,-0.440,-3.090,,1.858,2.650,1.86,2.61,0.002,0.036
dl,N4,1,400,4,42,37,5,286,271,15,0.220238095,0.029761905,0.236888112,0.013111888,1.112915076,1.506533292,,1,AA3,400,1.285220384,,,aj,N2,1,400,4,187,181,6,273,266,7,0.24,0.008,0.24,0.006,1.71,1.79,-0.706,-2.409,-0.706,-2.512,,1.703,1.806,1.71,1.79,-0.005,0.012
dl,N4,1,300,4,0,0,0,0,0,0,,,,,,,,2,AA3,800,1.060585917,,,aj,N2,2,1000,2,577,576,1,577,576,1,0.50,0.001,0.50,0.001,3.13,3.13,0.000,-3.090,0.000,-3.090,,3.090,3.090,3.13,3.13,-0.040,-0.040
dl,N4,1,200,4,0,0,0,0,0,0,,,,,,,,2,AA3,1000,1,,,aj,N2,2,800,3,602,576,26,587,576,11,0.32,0.014,0.33,0.006,1.72,2.05,-0.468,-2.326,-0.440,-2.512,,1.858,2.072,1.72,2.05,0.142,0.022
dl,N4,2,800,3,613,573,40,583,576,7,0.311582382,0.021750952,0.329331046,0.004002287,1.527488717,2.210115716,,2,AA3,600,1.182785554,,,aj,N2,2,600,3,604,576,28,581,576,5,0.32,0.015,0.33,0.003,1.68,2.32,-0.468,-2.054,-0.440,-2.748,,1.586,2.308,1.68,2.32,-0.099,-0.016
dl,N4,2,1000,2,587,576,11,578,576,2,0.490630324,0.009369676,0.498269896,0.001730104,2.327187369,2.9192527,,2,AA3,400,0.913008942,,,aj,N2,2,400,4,186,162,24,321,306,15,0.22,0.032,0.24,0.012,1.07,1.56,-0.772,-1.881,-0.706,-2.326,,1.109,1.620,1.07,1.56,0.040,0.064
dl,N4,2,600,3,537,504,33,589,576,13,0.312849162,0.020484171,0.325976231,0.007357102,1.556059879,1.988286404,,3,AA3,800,1.121280127,,,aj,N2,3,1000,2,578,576,2,576,576,0,0.50,0.002,0.50,0.001,2.92,3.09,0.000,-2.878,0.000,-3.090,,2.878,3.090,2.92,3.09,-0.041,0.000
dl,N4,2,400,4,22,16,6,268,245,23,0.181818182,0.068181818,0.228544776,0.021455224,0.581012176,1.280932758,,3,AA3,1000,0.987183656,,,aj,N2,3,800,3,611,576,35,588,576,12,0.31,0.019,0.33,0.007,1.59,2.02,-0.496,-2.054,-0.440,-2.457,,1.558,2.017,1.59,2.02,-0.031,-0.001
dl,N4,2,300,4,0,0,0,0,0,0,,,,,,,,3,AA3,600,1.239139615,,,aj,N2,3,600,3,595,570,25,582,576,6,0.32,0.014,0.33,0.003,1.73,2.26,-0.468,-2.326,-0.440,-2.748,,1.858,2.308,1.73,2.26,0.130,0.045
dl,N4,2,200,4,0,0,0,0,0,0,,,,,,,,3,AA3,400,1.222053868,,,aj,N2,3,400,4,161,151,10,327,303,24,0.23,0.016,0.23,0.018,1.43,1.36,-0.739,-2.054,-0.739,-2.054,,1.315,1.315,1.43,1.36,-0.117,-0.041
dl,N4,3,800,3,604,576,28,588,576,12,0.317880795,0.015452539,0.326530612,0.006802721,1.684659682,2.018001699,,1,AA4,800,2.369705578,,,dd,N3,1,1000,2,0,0,0,576,576,0,-,-,0.50,0.001,,3.09,-,-,0.000,-3.090,,#VALUE!,3.090,,3.09,#VALUE!,0.000
dl,N4,3,1000,2,578,576,2,577,576,1,0.498269896,0.001730104,0.499133449,0.000866551,2.9192527,3.130351975,,1,AA4,1000,0.987183656,,,dd,N3,1,800,3,458,456,2,578,576,2,0.33,0.001,0.33,0.001,2.54,2.61,-0.440,-3.090,-0.440,-3.090,,2.650,2.650,2.54,2.61,0.108,0.036
dl,N4,3,600,3,585,543,42,583,576,7,0.309401709,0.023931624,0.329331046,0.004002287,1.48103365,2.210115716,,1,AA4,600,1.548312006,,,dd,N3,1,600,3,456,456,0,578,576,2,0.33,0.001,0.33,0.001,2.66,2.61,-0.440,-3.090,-0.440,-3.090,,2.650,2.650,2.66,2.61,-0.010,0.036
dl,N4,3,400,4,6,6,0,312,286,26,0.25,0.001,0.229166667,0.020833333,2.415742556,1.295240096,,1,AA4,400,1.489791578,,,dd,N3,1,400,4,621,608,13,394,389,5,0.24,0.005,0.25,0.003,1.87,2.04,-0.706,-2.576,-0.674,-2.748,,1.870,2.074,1.87,2.04,0.001,0.029
dl,N4,3,300,4,0,0,0,0,0,0,,,,,,,,2,AA4,800,2.057100326,,,dd,N3,2,1000,2,0,0,0,587,576,11,-,-,0.49,0.009,,2.33,-,-,-0.025,-2.366,,#VALUE!,2.341,,2.33,#VALUE!,0.014
dl,N4,3,200,4,0,0,0,0,0,0,,,,,,,,2,AA4,1000,0.987183656,,,dd,N3,2,800,3,456,456,0,599,576,23,0.33,0.001,0.32,0.013,2.66,1.77,-0.440,-3.090,-0.468,-2.326,,2.650,1.858,2.66,1.77,-0.010,0.092
aj,N2,1,800,3,635,595,40,584,576,8,0.312335958,0.020997375,0.328767123,0.00456621,1.544332344,2.163736774,,2,AA4,600,1.831035456,,,dd,N3,2,600,3,464,456,8,583,576,7,0.33,0.006,0.33,0.004,2.08,2.21,-0.440,-2.512,-0.706,-2.652,,2.072,1.946,2.08,2.21,-0.009,-0.264
aj,N2,1,1000,2,576,576,0,577,576,1,0.5,0.001,0.499133449,0.000866551,3.090232306,3.130351975,,2,AA4,400,1.300967928,,,dd,N3,2,400,4,616,608,8,543,527,16,0.25,0.003,0.24,0.007,2.04,1.74,,-2.748,-0.706,-2.457,,2.748,1.751,2.04,1.74,0.711,0.010
aj,N2,1,600,3,550,533,17,578,576,2,0.323030303,0.01030303,0.332179931,0.001153403,1.855883886,2.613693347,,3,AA4,800,1.532548601,,,dd,N3,3,1000,2,0,0,0,589,576,13,-,-,0.49,0.011,,2.26,-,-,-0.025,-2.326,,#VALUE!,2.301,,2.26,#VALUE!,0.040
aj,N2,1,400,4,187,181,6,273,266,7,0.24197861,0.00802139,0.243589744,0.006410256,1.707988752,1.793914738,,3,AA4,1000,1,,,dd,N3,3,800,3,456,456,0,588,576,12,0.33,0.001,0.33,0.007,2.66,2.02,-0.440,-3.090,-0.440,-2.457,,2.650,2.017,2.66,2.02,-0.010,-0.001
aj,N2,1,300,4,0,0,0,0,0,0,,,,,,,,3,AA4,600,1.630376546,,,dd,N3,3,600,3,460,456,4,585,576,9,0.33,0.003,0.33,0.005,2.32,2.12,-0.440,-2.748,-0.440,-2.576,,2.308,2.136,2.32,2.12,-0.012,0.014
aj,N2,1,200,4,0,0,0,0,0,0,,,,,,,,3,AA4,400,0.769045163,,,dd,N3,3,400,4,628,608,20,498,491,7,0.24,0.008,0.25,0.004,1.71,2.01,-0.706,-2.409,-0.674,-2.652,,1.703,1.978,1.71,2.01,-0.008,-0.032
aj,N2,2,800,3,602,576,26,587,576,11,0.318936877,0.014396456,0.327086882,0.006246451,1.715636567,2.049935338,,1,AMS1,800,1.481155117,,,dl,N4,1,1000,2,577,574,3,577,576,1,0.50,0.003,0.50,0.001,2.79,3.13,0.000,-2.748,0.000,-3.090,,2.748,3.090,2.79,3.13,-0.040,-0.040
aj,N2,2,1000,2,577,576,1,577,576,1,0.499133449,0.000866551,0.499133449,0.000866551,3.130351975,3.130351975,,1,AMS1,1000,1,,,dl,N4,1,800,3,593,571,22,579,576,3,0.32,0.012,0.33,0.002,1.78,2.49,-0.468,-2.326,-0.440,-2.878,,1.858,2.438,1.78,2.49,0.077,-0.051
aj,N2,2,600,3,604,576,28,581,576,5,0.317880795,0.015452539,0.330464716,0.002868617,1.684659682,2.323802666,,1,AMS1,600,0.966967728,,,dl,N4,1,600,3,510,493,17,579,576,3,0.32,0.011,0.33,0.002,1.83,2.49,-0.468,-2.326,-0.440,-2.878,,1.858,2.438,1.83,2.49,0.033,-0.051
aj,N2,2,400,4,186,162,24,321,306,15,0.217741935,0.032258065,0.238317757,0.011682243,1.068754263,1.555697249,,1,AMS1,400,1.07694533,,,dl,N4,1,400,4,42,37,5,286,271,15,0.22,0.030,0.24,0.013,1.11,1.51,-0.772,-1.881,-0.706,-2.326,,1.109,1.620,1.11,1.51,-0.004,0.113
aj,N2,2,300,4,0,0,0,0,0,0,,,,,,,,2,AMS1,800,1.175344447,,,dl,N4,2,1000,2,587,576,11,578,576,2,0.49,0.009,0.50,0.002,2.33,2.92,-0.025,-2.366,0.000,-2.878,,2.341,2.878,2.33,2.92,0.014,-0.041
aj,N2,2,200,4,0,0,0,0,0,0,,,,,,,,2,AMS1,1000,1,,,dl,N4,2,800,3,613,573,40,583,576,7,0.31,0.022,0.33,0.004,1.53,2.21,-0.496,-2.054,-0.440,-2.652,,1.558,2.212,1.53,2.21,0.031,0.002
aj,N2,3,800,3,611,576,35,588,576,12,0.314238953,0.019094381,0.326530612,0.006802721,1.588952607,2.018001699,,2,AMS1,600,1.222507185,,,dl,N4,2,600,3,537,504,33,589,576,13,0.31,0.020,0.33,0.007,1.56,1.99,-0.496,-2.054,-0.440,-2.457,,1.558,2.017,1.56,1.99,0.002,0.029
aj,N2,3,1000,2,578,576,2,576,576,0,0.498269896,0.001730104,0.5,0.001,2.9192527,3.090232306,,2,AMS1,400,1.09525056,,,dl,N4,2,400,4,22,16,6,268,245,23,0.18,0.068,0.23,0.021,0.58,1.28,-0.915,-1.476,-0.739,-2.054,,0.561,1.315,0.58,1.28,-0.020,0.034
aj,N2,3,600,3,595,570,25,582,576,6,0.319327731,0.014005602,0.329896907,0.003436426,1.727549911,2.262745201,,3,AMS1,800,1.374360599,,,dl,N4,3,1000,2,578,576,2,577,576,1,0.50,0.002,0.50,0.001,2.92,3.13,0.000,-2.878,0.000,-3.090,,2.878,3.090,2.92,3.13,-0.041,-0.040
aj,N2,3,400,4,161,151,10,327,303,24,0.23447205,0.01552795,0.231651376,0.018348624,1.432157573,1.355697116,,3,AMS1,1000,1,,,dl,N4,3,800,3,604,576,28,588,576,12,0.32,0.015,0.33,0.007,1.68,2.02,-0.468,-2.054,-0.440,-2.457,,1.586,2.017,1.68,2.02,-0.099,-0.001
aj,N2,3,300,4,0,0,0,0,0,0,,,,,,,,3,AMS1,600,1.359051244,,,dl,N4,3,600,3,585,543,42,583,576,7,0.31,0.024,0.33,0.004,1.48,2.21,-0.496,-2.054,-0.440,-2.652,,1.558,2.212,1.48,2.21,0.077,0.002
aj,N2,3,200,4,0,0,0,0,0,0,,,,,,,,3,AMS1,400,1.162086878,,,dl,N4,3,400,4,6,6,0,312,286,26,0.25,0.001,0.23,0.021,2.42,1.30,-0.674,-3.090,-0.739,-2.054,,2.416,1.315,2.42,1.30,0.000,0.020
kp,AS3,1,800,3,585,576,9,583,576,7,0.328205128,0.005128205,0.329331046,0.004002287,2.122187811,2.210115716,,1,AS1,800,1.706425049,,,ez,N5,1,1000,2,132,132,0,576,576,0,0.50,0.001,0.50,0.001,3.09,3.09,0.000,-3.090,0.000,-3.090,,3.090,3.090,3.09,3.09,0.000,0.000
kp,AS3,1,1000,2,577,576,1,577,576,1,0.499133449,0.000866551,0.499133449,0.000866551,3.130351975,3.130351975,,1,AS1,1000,1,,,ez,N5,1,800,3,397,396,1,576,576,0,0.33,0.001,0.33,0.001,2.71,2.66,-0.440,-3.090,-0.440,-3.090,,2.650,2.650,2.71,2.66,-0.059,-0.010
kp,AS3,1,600,3,547,539,8,583,576,7,0.328458257,0.004875076,0.329331046,0.004002287,2.14039205,2.210115716,,1,AS1,600,1.418685752,,,ez,N5,1,600,3,447,440,7,578,576,2,0.33,0.005,0.33,0.001,2.12,2.61,-0.440,-2.576,-0.440,-3.090,,2.136,2.650,2.12,2.61,0.020,0.036
kp,AS3,1,400,4,109,104,5,363,359,4,0.23853211,0.01146789,0.247245179,0.002754821,1.563470382,2.092436489,,1,AS1,400,1.765432443,,,ez,N5,1,400,4,539,528,11,197,195,2,0.24,0.005,0.25,0.003,1.88,2.12,-0.706,-2.576,-0.674,-2.748,,1.870,2.074,1.88,2.12,-0.008,-0.046
kp,AS3,1,300,4,0,0,0,0,0,0,,,,,,,,2,AS1,800,1.396451375,,,ez,N5,2,1000,2,132,132,0,576,576,0,0.50,0.001,0.50,0.001,3.09,3.09,0.000,-3.090,0.000,-3.090,,3.090,3.090,3.09,3.09,0.000,0.000
kp,AS3,1,200,4,0,0,0,0,0,0,,,,,,,,2,AS1,1000,1.585539993,,,ez,N5,2,800,3,397,396,1,579,576,3,0.33,0.001,0.33,0.002,2.71,2.49,-0.440,-3.090,-0.440,-2.878,,2.650,2.438,2.71,2.49,-0.059,-0.051
kp,AS3,2,800,3,598,576,22,611,576,35,0.321070234,0.012263099,0.314238953,0.019094381,1.784076534,1.588952607,,2,AS1,600,1.488984866,,,ez,N5,2,600,3,448,440,8,579,576,3,0.33,0.006,0.33,0.002,2.07,2.49,-0.440,-2.512,-0.440,-2.878,,2.072,2.438,2.07,2.49,0.004,-0.051
kp,AS3,2,1000,2,583,576,7,612,576,36,0.493996569,0.006003431,0.470588235,0.029411765,2.496893652,1.815718681,,2,AS1,400,1.689494494,,,ez,N5,2,400,4,548,528,20,240,230,10,0.24,0.009,0.24,0.010,1.66,1.60,-0.706,-2.366,-0.706,-2.326,,1.660,1.620,1.66,1.60,0.003,0.017
kp,AS3,2,600,3,581,561,20,600,575,25,0.321858864,0.011474469,0.319444444,0.013888889,1.811776565,1.731157693,,3,AS1,800,1.295346218,,,ez,N5,3,1000,2,132,132,0,576,576,0,0.50,0.001,0.50,0.001,3.09,3.09,0.000,-3.090,0.000,-3.090,,3.090,3.090,3.09,3.09,0.000,0.000
kp,AS3,2,400,4,175,163,12,426,410,16,0.232857143,0.017142857,0.240610329,0.009389671,1.387225444,1.645541776,,3,AS1,1000,1.561061432,,,ez,N5,3,800,3,399,396,3,579,576,3,0.33,0.003,0.33,0.002,2.37,2.49,-0.440,-2.748,-0.440,-2.878,,2.308,2.438,2.37,2.49,-0.061,-0.051
kp,AS3,2,300,4,0,0,0,0,0,0,,,,,,,,3,AS1,600,1.959913435,,,ez,N5,3,600,3,448,439,9,579,576,3,0.33,0.007,0.33,0.002,2.02,2.49,-0.440,-2.457,-0.440,-2.878,,2.017,2.438,2.02,2.49,-0.007,-0.051
kp,AS3,2,200,4,0,0,0,0,0,0,,,,,,,,3,AS1,400,0.767369101,,,ez,N5,3,400,4,549,528,21,198,191,7,0.24,0.010,0.24,0.009,1.64,1.67,-0.706,-2.326,-0.706,-2.366,,1.620,1.660,1.64,1.67,-0.018,-0.010
kp,AS3,3,800,3,593,576,17,605,575,30,0.323777403,0.00955593,0.316804408,0.016528926,1.88618018,1.654726376,,1,AS2,800,3.652481993,,,it,N6,1,1000,2,576,576,0,576,576,0,0.50,0.001,0.50,0.001,3.09,3.09,0.000,-3.090,0.000,-3.090,,3.090,3.090,3.09,3.09,0.000,0.000
kp,AS3,3,1000,2,591,576,15,623,576,47,0.487309645,0.012690355,0.462279294,0.037720706,2.203743064,1.683078259,,1,AS2,1000,0.891849214,,,it,N6,1,800,3,578,575,3,578,576,2,0.33,0.002,0.33,0.001,2.49,2.61,-0.440,-2.878,-0.440,-3.090,,2.438,2.650,2.49,2.61,-0.050,0.036
kp,AS3,3,600,3,600,576,24,614,576,38,0.32,0.013333333,0.312703583,0.02062975,1.74866399,1.552711315,,1,AS2,600,2.625627343,,,it,N6,1,600,3,576,572,4,579,576,3,0.33,0.002,0.33,0.002,2.39,2.49,-0.440,-2.878,-0.440,-2.878,,2.438,2.438,2.39,2.49,0.043,-0.051
kp,AS3,3,400,4,228,215,13,397,374,23,0.235745614,0.014254386,0.235516373,0.014483627,1.470158443,1.463132157,,1,AS2,400,1.914704434,,,it,N6,1,400,4,221,219,2,410,402,8,0.25,0.002,0.25,0.005,2.16,1.89,-0.674,-2.878,-0.674,-2.576,,2.204,1.902,2.16,1.89,0.047,0.008
kp,AS3,3,300,4,0,0,0,0,0,0,,,,,,,,2,AS2,800,3.044609182,,,it,N6,2,1000,2,576,576,0,576,576,0,0.50,0.001,0.50,0.001,3.09,3.09,0.000,-3.090,0.000,-3.090,,3.090,3.090,3.09,3.09,0.000,0.000
kp,AS3,3,200,4,0,0,0,0,0,0,,,,,,,,2,AS2,1000,1,,,it,N6,2,800,3,583,575,8,583,576,7,0.33,0.005,0.33,0.004,2.16,2.21,-0.440,-2.576,-0.440,-2.652,,2.136,2.212,2.16,2.21,-0.027,0.002
mg,AMS1,1,800,3,597,574,23,578,576,2,0.320491346,0.012841988,0.332179931,0.001153403,1.76463175,2.613693347,,2,AS2,600,2.427505008,,,it,N6,2,600,3,590,576,14,580,576,4,0.33,0.008,0.33,0.002,1.96,2.40,-0.440,-2.409,-0.440,-2.878,,1.969,2.438,1.96,2.40,0.009,0.041
mg,AMS1,1,1000,2,575,575,0,576,576,0,0.5,0.001,0.5,0.001,3.090232306,3.090232306,,2,AS2,400,1.101469735,,,it,N6,2,400,4,226,204,22,430,415,15,0.23,0.024,0.24,0.009,1.22,1.68,-0.739,-2.054,-0.706,-2.366,,1.315,1.660,1.22,1.68,0.097,-0.015
mg,AMS1,1,600,3,488,484,4,582,576,6,0.330601093,0.00273224,0.329896907,0.003436426,2.340042109,2.262745201,,3,AS2,800,3.074985033,,,it,N6,3,1000,2,576,576,0,576,576,0,0.50,0.001,0.50,0.001,3.09,3.09,0.000,-3.090,0.000,-3.090,,3.090,3.090,3.09,3.09,0.000,0.000
mg,AMS1,1,400,4,62,60,2,219,214,5,0.241935484,0.008064516,0.244292237,0.005707763,1.705892408,1.837152863,,3,AS2,1000,1.08395274,,,it,N6,3,800,3,598,576,22,586,576,10,0.32,0.012,0.33,0.006,1.78,2.08,-0.468,-2.326,-0.440,-2.510,,1.858,2.070,1.78,2.08,0.074,-0.014
mg,AMS1,1,300,4,0,0,0,0,0,0,,,,,,,,3,AS2,600,2.917995819,,,it,N6,3,600,3,590,576,14,579,576,3,0.33,0.008,0.33,0.002,1.96,2.49,-0.440,-2.409,-0.440,-2.878,,1.969,2.438,1.96,2.49,0.009,-0.051
mg,AMS1,1,200,4,0,0,0,0,0,0,,,,,,,,3,AS2,400,1.180409121,,,it,N6,3,400,4,243,224,19,441,428,13,0.23,0.020,0.24,0.007,1.33,1.74,-0.739,-2.054,-0.706,-2.457,,1.315,1.751,1.33,1.74,-0.011,0.010
mg,AMS1,2,800,3,582,576,6,576,576,0,0.329896907,0.003436426,0.333333333,0.001,2.262745201,2.659505006,,1,AS3,800,1.041432669,,,ll,N7,1,1000,2,132,132,0,578,575,3,0.50,0.001,0.50,0.003,3.09,2.79,0.000,-3.090,0.000,-2.748,,3.090,2.748,3.09,2.79,0.000,-0.040
mg,AMS1,2,1000,2,574,574,0,576,576,0,0.5,0.001,0.5,0.001,3.090232306,3.090232306,,1,AS3,1000,1,,,ll,N7,1,800,3,396,396,0,582,576,6,0.33,0.001,0.33,0.003,2.66,2.26,-0.440,-3.090,-0.440,-2.748,,2.650,2.308,2.66,2.26,-0.010,0.045
mg,AMS1,2,600,3,565,554,11,579,576,3,0.326843658,0.006489676,0.331606218,0.001727116,2.035689711,2.488645298,,1,AS3,600,1.032575185,,,ll,N7,1,600,3,445,440,5,578,576,2,0.33,0.004,0.33,0.001,2.23,2.61,-0.440,-2.652,-0.440,-3.090,,2.212,2.650,2.23,2.61,-0.021,0.036
mg,AMS1,2,400,4,90,86,4,229,222,7,0.238888889,0.011111111,0.242358079,0.007641921,1.576666704,1.72684509,,1,AS3,400,1.338328192,,,ll,N7,1,400,4,535,527,8,336,331,5,0.25,0.004,0.25,0.004,1.99,1.99,-0.674,-2.652,-0.674,-2.652,,1.978,1.978,1.99,1.99,-0.011,-0.012
mg,AMS1,2,300,4,0,0,0,0,0,0,,,,,,,,2,AS3,800,0.890630293,,,ll,N7,2,1000,2,133,132,1,601,575,26,0.50,0.004,0.48,0.022,2.66,1.97,0.000,-2.652,-0.050,-2.054,,2.652,2.004,2.66,1.97,-0.012,0.037
mg,AMS1,2,200,4,0,0,0,0,0,0,,,,,,,,2,AS3,1000,0.727191036,,,ll,N7,2,800,3,398,396,2,594,576,18,0.33,0.002,0.32,0.010,2.50,1.86,-0.440,-2.878,-0.468,-2.326,,2.438,1.858,2.50,1.86,-0.060,-0.006
mg,AMS1,3,800,3,587,576,11,577,576,1,0.327086882,0.006246451,0.332755633,0.000577701,2.049935338,2.81735036,,2,AS3,600,0.955502862,,,ll,N7,2,600,3,445,440,5,591,576,15,0.33,0.004,0.32,0.008,2.23,1.93,-0.440,-2.652,-0.468,-2.409,,2.212,1.941,2.23,1.93,-0.021,0.007
mg,AMS1,3,1000,2,576,576,0,576,576,0,0.5,0.001,0.5,0.001,3.090232306,3.090232306,,2,AS3,400,1.18621078,,,ll,N7,2,400,4,542,527,15,318,312,6,0.24,0.007,0.25,0.005,1.77,1.91,-0.706,-2.457,-0.674,-2.576,,1.751,1.902,1.77,1.91,-0.014,-0.005
mg,AMS1,3,600,3,568,558,10,577,576,1,0.327464789,0.005868545,0.332755633,0.000577701,2.073027322,2.81735036,,3,AS3,800,0.877289664,,,ll,N7,3,1000,2,132,132,0,604,576,28,0.50,0.001,0.48,0.023,3.09,1.93,0.000,-3.090,-0.050,-2.054,,3.090,2.004,3.09,1.93,0.000,0.070
mg,AMS1,3,400,4,104,99,5,234,228,6,0.237980769,0.012019231,0.243589744,0.006410256,1.543701054,1.793914738,,3,AS3,1000,0.763736157,,,ll,N7,3,800,3,398,396,2,600,576,24,0.33,0.002,0.32,0.013,2.50,1.75,-0.440,-2.878,-0.468,-2.326,,2.438,1.858,2.50,1.75,-0.060,0.109
mg,AMS1,3,300,4,0,0,0,0,0,0,,,,,,,,3,AS3,600,0.887941494,,,ll,N7,3,600,3,444,440,4,591,576,15,0.33,0.003,0.32,0.008,2.31,1.93,-0.440,-2.748,-0.468,-2.409,,2.308,1.941,2.31,1.93,0.000,0.007
mg,AMS1,3,200,4,0,0,0,0,0,0,,,,,,,,3,AS3,400,0.995220729,,,ll,N7,3,400,4,537,528,9,383,367,16,0.25,0.004,0.24,0.010,1.95,1.60,-0.674,-2.652,-0.706,-2.326,,1.978,1.620,1.95,1.60,0.029,0.018
bb,AS1,1,800,3,463,421,42,581,576,5,0.303095752,0.030237581,0.330464716,0.002868617,1.361795918,2.323802666,,1,AS4,800,1.445810379,,,sh,N8,1,1000,2,578,576,2,576,576,0,0.50,0.002,0.50,0.001,2.92,3.09,0.000,-2.878,0.000,-3.090,,2.878,3.090,2.92,3.09,-0.041,0.000
bb,AS1,1,1000,2,258,258,0,576,576,0,0.5,0.001,0.5,0.001,3.090232306,3.090232306,,1,AS4,1000,1,,,sh,N8,1,800,3,600,573,27,582,576,6,0.32,0.015,0.33,0.003,1.70,2.26,-0.468,-2.054,-0.440,-2.748,,1.586,2.308,1.70,2.26,-0.112,0.045
bb,AS1,1,600,3,317,302,15,546,542,4,0.317560463,0.015772871,0.330891331,0.002442002,1.675588252,2.37713318,,1,AS4,600,1.454944719,,,sh,N8,1,600,3,521,504,17,578,576,2,0.32,0.011,0.33,0.001,1.83,2.61,-0.468,-2.326,-0.440,-3.090,,1.858,2.650,1.83,2.61,0.024,0.036
bb,AS1,1,400,4,308,286,22,141,141,0,0.232142857,0.017857143,0.25,0.001,1.368357405,2.415742556,,1,AS4,400,#DIV/0!,,,sh,N8,1,400,4,20,20,0,139,137,2,0.25,0.001,0.25,0.004,2.42,2.00,-0.674,-3.090,-0.674,-2.652,,2.416,1.978,2.42,2.00,0.000,-0.024
bb,AS1,1,300,4,65,57,8,0,0,0,0.219230769,0.030769231,,,1.094812885,,,2,AS4,800,1.786755433,,,sh,N8,2,1000,2,591,576,15,579,575,4,0.49,0.013,0.50,0.003,2.20,2.69,-0.025,-2.326,0.000,-2.748,,2.301,2.748,2.20,2.69,0.097,0.055
bb,AS1,1,200,4,0,0,0,0,0,0,,,,,,,,2,AS4,1000,2.276795148,,,sh,N8,2,800,3,602,575,27,591,576,15,0.32,0.015,0.32,0.008,1.70,1.93,-0.468,-2.054,-0.468,-2.409,,1.586,1.941,1.70,1.93,-0.113,0.007
bb,AS1,2,800,3,474,412,62,609,576,33,0.289732771,0.043600563,0.315270936,0.018062397,1.156184678,1.614555683,,2,AS4,600,#DIV/0!,,,sh,N8,2,600,3,533,511,22,590,576,14,0.32,0.014,0.33,0.008,1.74,1.96,-0.468,-2.326,-0.440,-2.409,,1.858,1.969,1.74,1.96,0.123,0.009
bb,AS1,2,1000,2,293,256,37,585,569,16,0.436860068,0.063139932,0.486324786,0.013675214,1.370002866,2.172194335,,2,AS4,400,#DIV/0!,,,sh,N8,2,400,4,21,20,1,184,181,3,0.24,0.012,0.25,0.004,1.55,1.96,-0.706,-2.326,-0.674,-2.652,,1.620,1.978,1.55,1.96,0.072,0.020
bb,AS1,2,600,3,340,277,63,614,561,53,0.271568627,0.061764706,0.304560261,0.028773073,0.932051228,1.387810173,,3,AS4,800,1.526543022,,,sh,N8,3,1000,2,591,576,15,580,576,4,0.49,0.013,0.50,0.003,2.20,2.69,-0.025,-2.326,0.000,-2.748,,2.301,2.748,2.20,2.69,0.097,0.055
bb,AS1,2,400,4,240,177,63,58,50,8,0.184375,0.065625,0.215517241,0.034482759,0.61037365,1.031222921,,3,AS4,1000,1.347440308,,,sh,N8,3,800,3,588,575,13,593,576,17,0.33,0.007,0.32,0.010,1.99,1.89,-0.440,-2.457,-0.468,-2.326,,2.017,1.858,1.99,1.89,0.029,-0.028
bb,AS1,2,300,4,0,0,0,0,0,0,,,,,,,,3,AS4,600,0.377424752,,,sh,N8,3,600,3,546,515,31,578,566,12,0.31,0.019,0.33,0.007,1.59,2.01,-0.496,-2.054,-0.440,-2.457,,1.558,2.017,1.59,2.01,-0.035,0.005
bb,AS1,2,200,4,0,0,0,0,0,0,,,,,,,,3,AS4,400,#DIV/0!,,,sh,N8,3,400,4,56,50,6,162,159,3,0.22,0.027,0.25,0.005,1.17,1.91,-0.772,-1.881,-0.674,-2.576,,1.109,1.902,1.17,1.91,-0.060,-0.011
bb,AS1,3,800,3,489,425,64,619,576,43,0.289706885,0.043626449,0.310177706,0.023155627,1.155828948,1.497198656,,1,ASW1,800,1.152269953,,,sm,N9,1,1000,2,0,0,0,577,576,1,-,-,0.50,0.001,,3.13,-,-,0.000,-3.090,,#VALUE!,3.090,,3.13,#VALUE!,-0.040
bb,AS1,3,1000,2,282,256,26,584,576,8,0.453900709,0.046099291,0.493150685,0.006849315,1.568100337,2.447900958,,1,ASW1,1000,1.012982736,,,sm,N9,1,800,3,397,396,1,579,576,3,0.33,0.001,0.33,0.002,2.71,2.49,-0.440,-3.090,-0.440,-2.878,,2.650,2.438,2.71,2.49,-0.059,-0.051
bb,AS1,3,600,3,375,291,84,587,551,36,0.258666667,0.074666667,0.312890403,0.02044293,0.794428807,1.557011692,,1,ASW1,600,1.13552361,,,sm,N9,1,600,3,553,516,37,576,576,0,0.31,0.022,0.33,0.001,1.52,2.66,-0.496,-2.054,-0.440,-3.090,,1.558,2.650,1.52,2.66,0.043,-0.010
bb,AS1,3,400,4,279,199,80,18,12,6,0.178315412,0.071684588,0.166666667,0.083333333,0.541554989,0.415572565,,1,ASW1,400,1.184840327,,,sm,N9,1,400,4,451,439,12,334,332,2,0.24,0.007,0.25,0.001,1.78,2.29,-0.706,-2.457,-0.674,-3.090,,1.751,2.416,1.78,2.29,-0.029,0.127
bb,AS1,3,300,4,0,0,0,0,0,0,,,,,,,,2,ASW1,800,1.201767413,,,sm,N9,2,1000,2,0,0,0,593,576,17,-,-,0.49,0.014,,2.15,-,-,-0.025,-2.326,,#VALUE!,2.301,,2.15,#VALUE!,0.149
bb,AS1,3,200,4,0,0,0,0,0,0,,,,,,,,2,ASW1,1000,1.196370208,,,sm,N9,2,800,3,399,396,3,613,576,37,0.33,0.003,0.31,0.020,2.37,1.56,-0.440,-2.748,-0.496,-2.054,,2.308,1.558,2.37,1.56,-0.061,-0.007
co,AA2,1,800,3,580,576,4,576,576,0,0.331034483,0.002298851,0.333333333,0.001,2.396888119,2.659505006,,2,ASW1,600,1.251447176,,,sm,N9,2,600,3,408,396,12,593,576,17,0.32,0.010,0.32,0.010,1.88,1.89,-0.468,-2.326,-0.468,-2.326,,1.858,1.858,1.88,1.89,-0.018,-0.028
co,AA2,1,1000,2,574,570,4,576,576,0,0.496515679,0.003484321,0.5,0.001,2.689605072,3.090232306,,2,ASW1,400,0.968885503,,,sm,N9,2,400,4,550,528,22,478,459,19,0.24,0.010,0.24,0.010,1.62,1.62,-0.706,-2.326,-0.706,-2.326,,1.620,1.620,1.62,1.62,0.000,-0.003
co,AA2,1,600,3,582,576,6,576,576,0,0.329896907,0.003436426,0.333333333,0.001,2.262745201,2.659505006,,3,ASW1,800,1.09517125,,,sm,N9,3,1000,2,0,0,0,610,576,34,-,-,0.47,0.028,,1.84,-,-,-0.075,-1.881,,#VALUE!,1.806,,1.84,#VALUE!,-0.037
co,AA2,1,400,4,191,184,7,245,244,1,0.240837696,0.009162304,0.248979592,0.001020408,1.655382401,2.406522988,,3,ASW1,1000,1.122374675,,,sm,N9,3,800,3,397,396,1,589,576,13,0.33,0.001,0.33,0.007,2.71,1.99,-0.440,-3.090,-0.440,-2.457,,2.650,2.017,2.71,1.99,-0.059,0.029
co,AA2,1,300,4,0,0,0,0,0,0,,,,,,,,3,ASW1,600,1.157771908,,,sm,N9,3,600,3,410,396,14,592,576,16,0.32,0.011,0.32,0.009,1.82,1.91,-0.468,-2.326,-0.468,-2.366,,1.858,1.898,1.82,1.91,0.043,-0.012
co,AA2,1,200,4,0,0,0,0,0,0,,,,,,,,3,ASW1,400,0.881843186,,,sm,N9,3,400,4,562,526,36,447,432,15,0.23,0.016,0.24,0.008,1.42,1.69,-0.739,-2.054,-0.706,-2.409,,1.315,1.703,1.42,1.69,-0.103,0.013
co,AA2,2,800,3,585,576,9,581,576,5,0.328205128,0.005128205,0.330464716,0.002868617,2.122187811,2.323802666,,,,,,,,,,,,,,,,,,,,,,,,,,,,,,,,,,,
co,AA2,2,1000,2,579,576,3,576,576,0,0.497409326,0.002590674,0.5,0.001,2.789043662,3.090232306,,,,,,,,,,,,,,,,,,,,,,,,,,,,,,,,,,,
co,AA2,2,600,3,588,576,12,543,533,10,0.326530612,0.006802721,0.327194598,0.006138735,2.018001699,2.056394217,,,,,,,,,,,,,,,,,,,,,,,,,,,,,,,,,,,
co,AA2,2,400,4,171,154,17,207,202,5,0.225146199,0.024853801,0.243961353,0.006038647,1.207543973,1.816261262,,,,,,,,,,,,,,,,,,,,,,,,,,,,,,,,,,,
co,AA2,2,300,4,0,0,0,0,0,0,,,,,,,,,,,,,,,,,,,,,,,,,,,,,,,,,,,,,,,,,
co,AA2,2,200,4,0,0,0,0,0,0,,,,,,,,,,,,,,,,,,,,,,,,,,,,,,,,,,,,,,,,,
co,AA2,3,800,3,594,576,18,484,480,4,0.323232323,0.01010101,0.330578512,0.002754821,1.863895465,2.33730456,,,,,,,,,,,,,,,,,,,,,,,,,,,,,,,,,,,
co,AA2,3,1000,2,577,576,1,573,566,7,0.499133449,0.000866551,0.493891798,0.006108202,3.130351975,2.490519279,,,,,,,,,,,,,,,,,,,,,,,,,,,,,,,,,,,
co,AA2,3,600,3,600,573,27,481,480,1,0.318333333,0.015,0.332640333,0.000693001,1.697725916,2.764916351,,,,,,,,,,,,,,,,,,,,,,,,,,,,,,,,,,,
co,AA2,3,400,4,156,138,18,184,183,1,0.221153846,0.028846154,0.248641304,0.001358696,1.129726491,2.319249144,,,,,,,,,,,,,,,,,,,,,,,,,,,,,,,,,,,
co,AA2,3,300,4,0,0,0,0,0,0,,,,,,,,,,,,,,,,,,,,,,,,,,,,,,,,,,,,,,,,,
co,AA2,3,200,4,0,0,0,0,0,0,,,,,,,,,,,,,,,,,,,,,,,,,,,,,,,,,,,,,,,,,
ky,AA3,1,800,3,582,576,6,578,575,3,0.329896907,0.003436426,0.33160323,0.001730104,2.262745201,2.488098978,,,,,,,,,,,,,,,,,,,,,,,,,,,,,,,,,,,
ky,AA3,1,1000,2,577,576,1,576,576,0,0.499133449,0.000866551,0.5,0.001,3.130351975,3.090232306,,,,,,,,,,,,,,,,,,,,,,,,,,,,,,,,,,,
ky,AA3,1,600,3,546,540,6,577,575,2,0.32967033,0.003663004,0.332177932,0.001155402,2.240826256,2.613167383,,,,,,,,,,,,,,,,,,,,,,,,,,,,,,,,,,,
ky,AA3,1,400,4,210,201,9,79,78,1,0.239285714,0.010714286,0.246835443,0.003164557,1.591744838,2.045742912,,,,,,,,,,,,,,,,,,,,,,,,,,,,,,,,,,,
ky,AA3,1,300,4,0,0,0,0,0,0,,,,,,,,,,,,,,,,,,,,,,,,,,,,,,,,,,,,,,,,,
ky,AA3,1,200,4,0,0,0,0,0,0,,,,,,,,,,,,,,,,,,,,,,,,,,,,,,,,,,,,,,,,,
ky,AA3,2,800,3,585,575,10,583,576,7,0.327635328,0.005698006,0.329331046,0.004002287,2.083862968,2.210115716,,,,,,,,,,,,,,,,,,,,,,,,,,,,,,,,,,,
ky,AA3,2,1000,2,576,576,0,576,576,0,0.5,0.001,0.5,0.001,3.090232306,3.090232306,,,,,,,,,,,,,,,,,,,,,,,,,,,,,,,,,,,
ky,AA3,2,600,3,576,557,19,584,576,8,0.322337963,0.01099537,0.328767123,0.00456621,1.829356781,2.163736774,,,,,,,,,,,,,,,,,,,,,,,,,,,,,,,,,,,
ky,AA3,2,400,4,182,170,12,117,107,10,0.233516484,0.016483516,0.228632479,0.021367521,1.405169495,1.282932314,,,,,,,,,,,,,,,,,,,,,,,,,,,,,,,,,,,
ky,AA3,2,300,4,0,0,0,0,0,0,,,,,,,,,,,,,,,,,,,,,,,,,,,,,,,,,,,,,,,,,
ky,AA3,2,200,4,0,0,0,0,0,0,,,,,,,,,,,,,,,,,,,,,,,,,,,,,,,,,,,,,,,,,
ky,AA3,3,800,3,588,576,12,582,576,6,0.326530612,0.006802721,0.329896907,0.003436426,2.018001699,2.262745201,,,,,,,,,,,,,,,,,,,,,,,,,,,,,,,,,,,
ky,AA3,3,1000,2,577,576,1,576,576,0,0.499133449,0.000866551,0.5,0.001,3.130351975,3.090232306,,,,,,,,,,,,,,,,,,,,,,,,,,,,,,,,,,,
ky,AA3,3,600,3,591,576,15,580,576,4,0.324873096,0.008460237,0.331034483,0.002298851,1.934316432,2.396888119,,,,,,,,,,,,,,,,,,,,,,,,,,,,,,,,,,,
ky,AA3,3,400,4,208,187,21,139,131,8,0.224759615,0.025240385,0.235611511,0.014388489,1.199650669,1.46603774,,,,,,,,,,,,,,,,,,,,,,,,,,,,,,,,,,,
ky,AA3,3,300,4,0,0,0,0,0,0,,,,,,,,,,,,,,,,,,,,,,,,,,,,,,,,,,,,,,,,,
ky,AA3,3,200,4,0,0,0,0,0,0,,,,,,,,,,,,,,,,,,,,,,,,,,,,,,,,,,,,,,,,,
tp,AS4,1,800,3,605,558,47,586,576,10,0.307438017,0.025895317,0.327645051,0.005688282,1.44174443,2.084489061,,,,,,,,,,,,,,,,,,,,,,,,,,,,,,,,,,,
tp,AS4,1,1000,2,577,576,1,577,576,1,0.499133449,0.000866551,0.499133449,0.000866551,3.130351975,3.130351975,,,,,,,,,,,,,,,,,,,,,,,,,,,,,,,,,,,
tp,AS4,1,600,3,213,197,16,585,576,9,0.30829421,0.025039124,0.328205128,0.005128205,1.458603742,2.122187811,,,,,,,,,,,,,,,,,,,,,,,,,,,,,,,,,,,
tp,AS4,1,400,4,0,0,0,175,151,24,,,0.215714286,0.034285714,,1.034483707,,,,,,,,,,,,,,,,,,,,,,,,,,,,,,,,,,,
tp,AS4,1,300,4,0,0,0,0,0,0,,,,,,,,,,,,,,,,,,,,,,,,,,,,,,,,,,,,,,,,,
tp,AS4,1,200,4,0,0,0,0,0,0,,,,,,,,,,,,,,,,,,,,,,,,,,,,,,,,,,,,,,,,,
tp,AS4,2,800,3,335,246,89,657,574,83,0.244776119,0.088557214,0.29122273,0.042110604,0.658671989,1.176885755,,,,,,,,,,,,,,,,,,,,,,,,,,,,,,,,,,,
tp,AS4,2,1000,2,839,654,185,593,576,17,0.389749702,0.110250298,0.485666105,0.014333895,0.945226628,2.1520874,,,,,,,,,,,,,,,,,,,,,,,,,,,,,,,,,,,
tp,AS4,2,600,3,0,0,0,552,471,81,,,0.28442029,0.048913043,,1.085725483,,,,,,,,,,,,,,,,,,,,,,,,,,,,,,,,,,,
tp,AS4,2,400,4,0,0,0,0,0,0,,,,,,,,,,,,,,,,,,,,,,,,,,,,,,,,,,,,,,,,,
tp,AS4,2,300,4,0,0,0,0,0,0,,,,,,,,,,,,,,,,,,,,,,,,,,,,,,,,,,,,,,,,,
tp,AS4,2,200,4,0,0,0,0,0,0,,,,,,,,,,,,,,,,,,,,,,,,,,,,,,,,,,,,,,,,,
tp,AS4,3,800,3,348,252,96,694,570,124,0.24137931,0.091954023,0.273775216,0.059558117,0.626945331,0.95705902,,,,,,,,,,,,,,,,,,,,,,,,,,,,,,,,,,,
tp,AS4,3,1000,2,899,725,174,651,575,76,0.403225806,0.096774194,0.441628264,0.058371736,1.055147207,1.421747878,,,,,,,,,,,,,,,,,,,,,,,,,,,,,,,,,,,
tp,AS4,3,600,3,3,3,0,432,360,72,0.333333333,0.001,0.277777778,0.055555556,2.659505006,1.003763017,,,,,,,,,,,,,,,,,,,,,,,,,,,,,,,,,,,
tp,AS4,3,400,4,0,0,0,0,0,0,,,,,,,,,,,,,,,,,,,,,,,,,,,,,,,,,,,,,,,,,
tp,AS4,3,300,4,0,0,0,0,0,0,,,,,,,,,,,,,,,,,,,,,,,,,,,,,,,,,,,,,,,,,
tp,AS4,3,200,4,0,0,0,0,0,0,,,,,,,,,,,,,,,,,,,,,,,,,,,,,,,,,,,,,,,,,
mb,AA4,1,800,3,694,598,96,576,576,0,0.287223823,0.04610951,0.333333333,0.001,1.122293432,2.659505006,,,,,,,,,,,,,,,,,,,,,,,,,,,,,,,,,,,
mb,AA4,1,1000,2,577,576,1,576,576,0,0.499133449,0.000866551,0.5,0.001,3.130351975,3.090232306,,,,,,,,,,,,,,,,,,,,,,,,,,,,,,,,,,,
mb,AA4,1,600,3,442,423,19,576,576,0,0.319004525,0.014328808,0.333333333,0.001,1.717680284,2.659505006,,,,,,,,,,,,,,,,,,,,,,,,,,,,,,,,,,,
mb,AA4,1,400,4,27,26,1,293,292,1,0.240740741,0.009259259,0.249146758,0.000853242,1.651162232,2.459887587,,,,,,,,,,,,,,,,,,,,,,,,,,,,,,,,,,,
mb,AA4,1,300,4,0,0,0,0,0,0,,,,,,,,,,,,,,,,,,,,,,,,,,,,,,,,,,,,,,,,,
mb,AA4,1,200,4,0,0,0,0,0,0,,,,,,,,,,,,,,,,,,,,,,,,,,,,,,,,,,,,,,,,,
mb,AA4,2,800,3,676,575,101,583,576,7,0.283530572,0.049802761,0.329331046,0.004002287,1.074384019,2.210115716,,,,,,,,,,,,,,,,,,,,,,,,,,,,,,,,,,,
mb,AA4,2,1000,2,577,576,1,576,576,0,0.499133449,0.000866551,0.5,0.001,3.130351975,3.090232306,,,,,,,,,,,,,,,,,,,,,,,,,,,,,,,,,,,
mb,AA4,2,600,3,463,426,37,578,576,2,0.306695464,0.026637869,0.332179931,0.001153403,1.427440052,2.613693347,,,,,,,,,,,,,,,,,,,,,,,,,,,,,,,,,,,
mb,AA4,2,400,4,18,17,1,281,276,5,0.236111111,0.013888889,0.245551601,0.004448399,1.481542525,1.927439309,,,,,,,,,,,,,,,,,,,,,,,,,,,,,,,,,,,
mb,AA4,2,300,4,0,0,0,0,0,0,,,,,,,,,,,,,,,,,,,,,,,,,,,,,,,,,,,,,,,,,
mb,AA4,2,200,4,0,0,0,0,0,0,,,,,,,,,,,,,,,,,,,,,,,,,,,,,,,,,,,,,,,,,
mb,AA4,3,800,3,621,576,45,582,576,6,0.309178744,0.024154589,0.329896907,0.003436426,1.476459017,2.262745201,,,,,,,,,,,,,,,,,,,,,,,,,,,,,,,,,,,
mb,AA4,3,1000,2,576,576,0,576,576,0,0.5,0.001,0.5,0.001,3.090232306,3.090232306,,,,,,,,,,,,,,,,,,,,,,,,,,,,,,,,,,,
mb,AA4,3,600,3,545,505,40,580,576,4,0.308868502,0.024464832,0.331034483,0.002298851,1.470143891,2.396888119,,,,,,,,,,,,,,,,,,,,,,,,,,,,,,,,,,,
mb,AA4,3,400,4,17,17,0,278,272,6,0.25,0.001,0.244604317,0.005395683,2.415742556,1.857815128,,,,,,,,,,,,,,,,,,,,,,,,,,,,,,,,,,,
mb,AA4,3,300,4,0,0,0,0,0,0,,,,,,,,,,,,,,,,,,,,,,,,,,,,,,,,,,,,,,,,,
mb,AA4,3,200,4,0,0,0,0,0,0,,,,,,,,,,,,,,,,,,,,,,,,,,,,,,,,,,,,,,,,,
jz,ASW1,1,800,3,586,574,12,581,576,5,0.326507395,0.006825939,0.330464716,0.002868617,2.016717229,2.323802666,,,,,,,,,,,,,,,,,,,,,,,,,,,,,,,,,,,
jz,ASW1,1,1000,2,576,576,0,577,576,1,0.5,0.001,0.499133449,0.000866551,3.090232306,3.130351975,,,,,,,,,,,,,,,,,,,,,,,,,,,,,,,,,,,
jz,ASW1,1,600,3,553,546,7,579,576,3,0.329113924,0.004219409,0.331606218,0.001727116,2.191627964,2.488645298,,,,,,,,,,,,,,,,,,,,,,,,,,,,,,,,,,,
jz,ASW1,1,400,4,187,177,10,371,361,10,0.236631016,0.013368984,0.243261456,0.006738544,1.498140411,1.775057175,,,,,,,,,,,,,,,,,,,,,,,,,,,,,,,,,,,
jz,ASW1,1,300,4,0,0,0,0,0,0,,,,,,,,,,,,,,,,,,,,,,,,,,,,,,,,,,,,,,,,,
jz,ASW1,1,200,4,0,0,0,0,0,0,,,,,,,,,,,,,,,,,,,,,,,,,,,,,,,,,,,,,,,,,
jz,ASW1,2,800,3,590,575,15,581,576,5,0.324858757,0.008474576,0.330464716,0.002868617,1.93365425,2.323802666,,,,,,,,,,,,,,,,,,,,,,,,,,,,,,,,,,,
jz,ASW1,2,1000,2,581,576,5,577,576,1,0.495697074,0.004302926,0.499133449,0.000866551,2.616541229,3.130351975,,,,,,,,,,,,,,,,,,,,,,,,,,,,,,,,,,,
jz,ASW1,2,600,3,599,576,23,583,576,7,0.320534224,0.01279911,0.329331046,0.004002287,1.766047947,2.210115716,,,,,,,,,,,,,,,,,,,,,,,,,,,,,,,,,,,
jz,ASW1,2,400,4,196,189,7,394,378,16,0.241071429,0.008928571,0.239847716,0.010152284,1.665706847,1.613879216,,,,,,,,,,,,,,,,,,,,,,,,,,,,,,,,,,,
jz,ASW1,2,300,4,0,0,0,0,0,0,,,,,,,,,,,,,,,,,,,,,,,,,,,,,,,,,,,,,,,,,
jz,ASW1,2,200,4,0,0,0,0,0,0,,,,,,,,,,,,,,,,,,,,,,,,,,,,,,,,,,,,,,,,,
jz,ASW1,3,800,3,595,576,19,588,576,12,0.322689076,0.010644258,0.326530612,0.006802721,1.842635752,2.018001699,,,,,,,,,,,,,,,,,,,,,,,,,,,,,,,,,,,
jz,ASW1,3,1000,2,579,576,3,577,576,1,0.497409326,0.002590674,0.499133449,0.000866551,2.789043662,3.130351975,,,,,,,,,,,,,,,,,,,,,,,,,,,,,,,,,,,
jz,ASW1,3,600,3,591,575,16,583,576,7,0.324309081,0.009024253,0.329331046,0.004002287,1.908938799,2.210115716,,,,,,,,,,,,,,,,,,,,,,,,,,,,,,,,,,,
jz,ASW1,3,400,4,200,191,9,378,352,26,0.23875,0.01125,0.232804233,0.017195767,1.571490257,1.385807975,,,,,,,,,,,,,,,,,,,,,,,,,,,,,,,,,,,
jz,ASW1,3,300,4,0,0,0,0,0,0,,,,,,,,,,,,,,,,,,,,,,,,,,,,,,,,,,,,,,,,,
jz,ASW1,3,200,4,0,0,0,0,0,0,,,,,,,,,,,,,,,,,,,,,,,,,,,,,,,,,,,,,,,,,
by,AA1,1,800,3,587,576,11,578,576,2,0.327086882,0.006246451,0.332179931,0.001153403,2.049935338,2.613693347,,,,,,,,,,,,,,,,,,,,,,,,,,,,,,,,,,,
by,AA1,1,1000,2,576,576,0,576,576,0,0.5,0.001,0.5,0.001,3.090232306,3.090232306,,,,,,,,,,,,,,,,,,,,,,,,,,,,,,,,,,,
by,AA1,1,600,3,573,568,5,579,576,3,0.330424666,0.002908668,0.331606218,0.001727116,2.319162708,2.488645298,,,,,,,,,,,,,,,,,,,,,,,,,,,,,,,,,,,
by,AA1,1,400,4,73,72,1,290,284,6,0.246575342,0.003424658,0.244827586,0.005172414,2.018776831,1.873227375,,,,,,,,,,,,,,,,,,,,,,,,,,,,,,,,,,,
by,AA1,1,300,4,0,0,0,0,0,0,,,,,,,,,,,,,,,,,,,,,,,,,,,,,,,,,,,,,,,,,
by,AA1,1,200,4,0,0,0,0,0,0,,,,,,,,,,,,,,,,,,,,,,,,,,,,,,,,,,,,,,,,,
by,AA1,2,800,3,597,576,21,589,576,13,0.32160804,0.011725293,0.325976231,0.007357102,1.802806134,1.988286404,,,,,,,,,,,,,,,,,,,,,,,,,,,,,,,,,,,
by,AA1,2,1000,2,576,575,1,581,576,5,0.499131944,0.000868056,0.495697074,0.004302926,3.129838775,2.616541229,,,,,,,,,,,,,,,,,,,,,,,,,,,,,,,,,,,
by,AA1,2,600,3,561,539,22,582,576,6,0.320261438,0.013071895,0.329896907,0.003436426,1.757101326,2.262745201,,,,,,,,,,,,,,,,,,,,,,,,,,,,,,,,,,,
by,AA1,2,400,4,102,93,9,233,224,9,0.227941176,0.022058824,0.240343348,0.009656652,1.267327069,1.634229273,,,,,,,,,,,,,,,,,,,,,,,,,,,,,,,,,,,
by,AA1,2,300,4,0,0,0,0,0,0,,,,,,,,,,,,,,,,,,,,,,,,,,,,,,,,,,,,,,,,,
by,AA1,2,200,4,0,0,0,0,0,0,,,,,,,,,,,,,,,,,,,,,,,,,,,,,,,,,,,,,,,,,
by,AA1,3,800,3,590,575,15,590,576,14,0.324858757,0.008474576,0.325423729,0.007909605,1.93365425,1.96047492,,,,,,,,,,,,,,,,,,,,,,,,,,,,,,,,,,,
by,AA1,3,1000,2,576,576,0,576,576,0,0.5,0.001,0.5,0.001,3.090232306,3.090232306,,,,,,,,,,,,,,,,,,,,,,,,,,,,,,,,,,,
by,AA1,3,600,3,584,570,14,584,576,8,0.325342466,0.007990868,0.328767123,0.00456621,1.956521494,2.163736774,,,,,,,,,,,,,,,,,,,,,,,,,,,,,,,,,,,
by,AA1,3,400,4,102,97,5,256,240,16,0.237745098,0.012254902,0.234375,0.015625,1.535467598,1.429360311,,,,,,,,,,,,,,,,,,,,,,,,,,,,,,,,,,,
by,AA1,3,300,4,0,0,0,0,0,0,,,,,,,,,,,,,,,,,,,,,,,,,,,,,,,,,,,,,,,,,
by,AA1,3,200,4,0,0,0,0,0,0,,,,,,,,,,,,,,,,,,,,,,,,,,,,,,,,,,,,,,,,,
et,AS2,1,800,3,766,568,198,579,576,3,0.247171453,0.08616188,0.331606218,0.001727116,0.681357308,2.488645298,,,,,,,,,,,,,,,,,,,,,,,,,,,,,,,,,,,
et,AS2,1,1000,2,571,570,1,579,576,3,0.499124343,0.000875657,0.497409326,0.002590674,3.127259204,2.789043662,,,,,,,,,,,,,,,,,,,,,,,,,,,,,,,,,,,
et,AS2,1,600,3,508,416,92,579,576,3,0.272965879,0.060367454,0.331606218,0.001727116,0.947828832,2.488645298,,,,,,,,,,,,,,,,,,,,,,,,,,,,,,,,,,,
et,AS2,1,400,4,46,38,8,282,273,9,0.206521739,0.043478261,0.242021277,0.007978723,0.893125785,1.710071901,,,,,,,,,,,,,,,,,,,,,,,,,,,,,,,,,,,
et,AS2,1,300,4,0,0,0,0,0,0,,,,,,,,,,,,,,,,,,,,,,,,,,,,,,,,,,,,,,,,,
et,AS2,1,200,4,0,0,0,0,0,0,,,,,,,,,,,,,,,,,,,,,,,,,,,,,,,,,,,,,,,,,
et,AS2,2,800,3,836,615,221,588,576,12,0.245215311,0.088118022,0.326530612,0.006802721,0.662811408,2.018001699,,,,,,,,,,,,,,,,,,,,,,,,,,,,,,,,,,,
et,AS2,2,1000,2,579,576,3,579,576,3,0.497409326,0.002590674,0.497409326,0.002590674,2.789043662,2.789043662,,,,,,,,,,,,,,,,,,,,,,,,,,,,,,,,,,,
et,AS2,2,600,3,512,401,111,589,576,13,0.261067708,0.072265625,0.325976231,0.007357102,0.81906583,1.988286404,,,,,,,,,,,,,,,,,,,,,,,,,,,,,,,,,,,
et,AS2,2,400,4,60,54,6,346,319,27,0.225,0.025,0.230491329,0.019508671,1.204548958,1.326774221,,,,,,,,,,,,,,,,,,,,,,,,,,,,,,,,,,,
et,AS2,2,300,4,0,0,0,0,0,0,,,,,,,,,,,,,,,,,,,,,,,,,,,,,,,,,,,,,,,,,
et,AS2,2,200,4,0,0,0,0,0,0,,,,,,,,,,,,,,,,,,,,,,,,,,,,,,,,,,,,,,,,,
et,AS2,3,800,3,809,599,210,586,576,10,0.246806757,0.086526576,0.327645051,0.005688282,0.677885921,2.084489061,,,,,,,,,,,,,,,,,,,,,,,,,,,,,,,,,,,
et,AS2,3,1000,2,580,576,4,578,576,2,0.496551724,0.003448276,0.498269896,0.001730104,2.693154961,2.9192527,,,,,,,,,,,,,,,,,,,,,,,,,,,,,,,,,,,
et,AS2,3,600,3,561,424,137,585,576,9,0.251931075,0.081402258,0.328205128,0.005128205,0.727275823,2.122187811,,,,,,,,,,,,,,,,,,,,,,,,,,,,,,,,,,,
et,AS2,3,400,4,68,60,8,342,315,27,0.220588235,0.029411765,0.230263158,0.019736842,1.119301873,1.32123414,,,,,,,,,,,,,,,,,,,,,,,,,,,,,,,,,,,
et,AS2,3,300,4,0,0,0,0,0,0,,,,,,,,,,,,,,,,,,,,,,,,,,,,,,,,,,,,,,,,,
et,AS2,3,200,4,0,0,0,0,0,0,,,,,,,,,,,,,,,,,,,,,,,,,,,,,,,,,,,,,,,,,
,,,,,,,,,,,,,,,,,,,,,,,,,,,,,,,,,,,,,,,,,,,,,,,,,,,
,,,,,,,,,,,,,,,,,,,,,,,,,,,,,,,,,,,,,,,,,,,,,,,,,,,
,,,,,,,,,,,,,,,,,,,,,,,,,,,,,,,,,,,,,,,,,,,,,,,,,,,
,,,,,,,,,,,,,,,,,,,,,,,,,,,,,,,,,,,,,,,,,,,,,,,,,,,
,,,,,,,,,,,,,,,,,,,,,,,,,,,,,,,,,,,,,,,,,,,,,,,,,,,
,,,,,,,,,,,,,,,,,,,,,,,,,,,,,,,,,,,,,,,,,,,,,,,,,,,
,,,,,,,,,,,,,,,,,,,,,,,,,,,,,,,,,,,,,,,,,,,,,,,,,,,
,,,,,,,,,,,,,,,,,,,,,,,,,,,,,,,,,,,,,,,,,,,,,,,,,,,
,,,,,,,,,,,,,,,,,,,,,,,,,,,,,,,,,,,,,,,,,,,,,,,,,,,
,,,,,,,,,,,,,,,,,,,,,,,,,,,,,,,,,,,,,,,,,,,,,,,,,,,
,,,,,,,,,,,,,,,,,,,,,,,,,,,,,,,,,,,,,,,,,,,,,,,,,,,
,,,,,,,,,,,,,,,,,,,,,,,,,,,,,,,,,,,,,,,,,,,,,,,,,,,
,,,,,,,,,,,,,,,,,,,,,,,,,,,,,,,,,,,,,,,,,,,,,,,,,,,
,,,,,,,,,,,,,,,,,,,,,,,,,,,,,,,,,,,,,,,,,,,,,,,,,,,
,,,,,,,,,,,,,,,,,,,,,,,,,,,,,,,,,,,,,,,,,,,,,,,,,,,
,,,,,,,,,,,,,,,,,,,,,,,,,,,,,,,,,,,,,,,,,,,,,,,,,,,
,,,,,,,,,,,,,,,,,,,,,,,,,,,,,,,,,,,,,,,,,,,,,,,,,,,
,,,,,,,,,,,,,,,,,,,,,,,,,,,,,,,,,,,,,,,,,,,,,,,,,,,
,,,,,,,,,,,,,,,,,,,,,,,,,,,,,,,,,,,,,,,,,,,,,,,,,,,
,,,,,,,,,,,,,,,,,,,,,,,,,,,,,,,,,,,,,,,,,,,,,,,,,,,
,,,,,,,,,,,,,,,,,,,,,,,,,,,,,,,,,,,,,,,,,,,,,,,,,,,
,,,,,,,,,,,,,,,,,,,,,,,,,,,,,,,,,,,,,,,,,,,,,,,,,,,
,,,,,,,,,,,,,,,,,,,,,,,,,,,,,,,,,,,,,,,,,,,,,,,,,,,
,,,,,,,,,,,,,,,,,,,,,,,,,,,,,,,,,,,,,,,,,,,,,,,,,,,
,,,,,,,,,,,,,,,,,,,,,,,,,,,,,,,,,,,,,,,,,,,,,,,,,,,
,,,,,,,,,,,,,,,,,,,,,,,,,,,,,,,,,,,,,,,,,,,,,,,,,,,
,,,,,,,,,,,,,,,,,,,,,,,,,,,,,,,,,,,,,,,,,,,,,,,,,,,
,,,,,,,,,,,,,,,,,,,,,,,,,,,,,,,,,,,,,,,,,,,,,,,,,,,
,,,,,,,,,,,,,,,,,,,,,,,,,,,,,,,,,,,,,,,,,,,,,,,,,,,
,,,,,,,,,,,,,,,,,,,,,,,,,,,,,,,,,,,,,,,,,,,,,,,,,,,
,,,,,,,,,,,,,,,,,,,,,,,,,,,,,,,,,,,,,,,,,,,,,,,,,,,
,,,,,,,,,,,,,,,,,,,,,,,,,,,,,,,,,,,,,,,,,,,,,,,,,,,
,,,,,,,,,,,,,,,,,,,,,,,,,,,,,,,,,,,,,,,,,,,,,,,,,,,
,,,,,,,,,,,,,,,,,,,,,,,,,,,,,,,,,,,,,,,,,,,,,,,,,,,
,,,,,,,,,,,,,,,,,,,,,,,,,,,,,,,,,,,,,,,,,,,,,,,,,,,
,,,,,,,,,,,,,,,,,,,,,,,,,,,,,,,,,,,,,,,,,,,,,,,,,,,
,,,,,,,,,,,,,,,,,,,,,,,,,,,,,,,,,,,,,,,,,,,,,,,,,,,
,,,,,,,,,,,,,,,,,,,,,,,,,,,,,,,,,,,,,,,,,,,,,,,,,,,
,,,,,,,,,,,,,,,,,,,,,,,,,,,,,,,,,,,,,,,,,,,,,,,,,,,
,,,,,,,,,,,,,,,,,,,,,,,,,,,,,,,,,,,,,,,,,,,,,,,,,,,
,,,,,,,,,,,,,,,,,,,,,,,,,,,,,,,,,,,,,,,,,,,,,,,,,,,
,,,,,,,,,,,,,,,,,,,,,,,,,,,,,,,,,,,,,,,,,,,,,,,,,,,
,,,,,,,,,,,,,,,,,,,,,,,,,,,,,,,,,,,,,,,,,,,,,,,,,,,
,,,,,,,,,,,,,,,,,,,,,,,,,,,,,,,,,,,,,,,,,,,,,,,,,,,
,,,,,,,,,,,,,,,,,,,,,,,,,,,,,,,,,,,,,,,,,,,,,,,,,,,
,,,,,,,,,,,,,,,,,,,,,,,,,,,,,,,,,,,,,,,,,,,,,,,,,,,
,,,,,,,,,,,,,,,,,,,,,,,,,,,,,,,,,,,,,,,,,,,,,,,,,,,
,,,,,,,,,,,,,,,,,,,,,,,,,,,,,,,,,,,,,,,,,,,,,,,,,,,
,,,,,,,,,,,,,,,,,,,,,,,,,,,,,,,,,,,,,,,,,,,,,,,,,,,
,,,,,,,,,,,,,,,,,,,,,,,,,,,,,,,,,,,,,,,,,,,,,,,,,,,
,,,,,,,,,,,,,,,,,,,,,,,,,,,,,,,,,,,,,,,,,,,,,,,,,,,
,,,,,,,,,,,,,,,,,,,,,,,,,,,,,,,,,,,,,,,,,,,,,,,,,,,
,,,,,,,,,,,,,,,,,,,,,,,,,,,,,,,,,,,,,,,,,,,,,,,,,,,
,,,,,,,,,,,,,,,,,,,,,,,,,,,,,,,,,,,,,,,,,,,,,,,,,,,
,,,,,,,,,,,,,,,,,,,,,,,,,,,,,,,,,,,,,,,,,,,,,,,,,,,
,,,,,,,,,,,,,,,,,,,,,,,,,,,,,,,,,,,,,,,,,,,,,,,,,,,
,,,,,,,,,,,,,,,,,,,,,,,,,,,,,,,,,,,,,,,,,,,,,,,,,,,
,,,,,,,,,,,,,,,,,,,,,,,,,,,,,,,,,,,,,,,,,,,,,,,,,,,
,,,,,,,,,,,,,,,,,,,,,,,,,,,,,,,,,,,,,,,,,,,,,,,,,,,
,,,,,,,,,,,,,,,,,,,,,,,,,,,,,,,,,,,,,,,,,,,,,,,,,,,
,,,,,,,,,,,,,,,,,,,,,,,,,,,,,,,,,,,,,,,,,,,,,,,,,,,
,,,,,,,,,,,,,,,,,,,,,,,,,,,,,,,,,,,,,,,,,,,,,,,,,,,
,,,,,,,,,,,,,,,,,,,,,,,,,,,,,,,,,,,,,,,,,,,,,,,,,,,
,,,,,,,,,,,,,,,,,,,,,,,,,,,,,,,,,,,,,,,,,,,,,,,,,,,
,,,,,,,,,,,,,,,,,,,,,,,,,,,,,,,,,,,,,,,,,,,,,,,,,,,
,,,,,,,,,,,,,,,,,,,,,,,,,,,,,,,,,,,,,,,,,,,,,,,,,,,
,,,,,,,,,,,,,,,,,,,,,,,,,,,,,,,,,,,,,,,,,,,,,,,,,,,
,,,,,,,,,,,,,,,,,,,,,,,,,,,,,,,,,,,,,,,,,,,,,,,,,,,
,,,,,,,,,,,,,,,,,,,,,,,,,,,,,,,,,,,,,,,,,,,,,,,,,,,
,,,,,,,,,,,,,,,,,,,,,,,,,,,,,,,,,,,,,,,,,,,,,,,,,,,
,,,,,,,,,,,,,,,,,,,,,,,,,,,,,,,,,,,,,,,,,,,,,,,,,,,
,,,,,,,,,,,,,,,,,,,,,,,,,,,,,,,,,,,,,,,,,,,,,,,,,,,
,,,,,,,,,,,,,,,,,,,,,,,,,,,,,,,,,,,,,,,,,,,,,,,,,,,
,,,,,,,,,,,,,,,,,,,,,,,,,,,,,,,,,,,,,,,,,,,,,,,,,,,
,,,,,,,,,,,,,,,,,,,,,,,,,,,,,,,,,,,,,,,,,,,,,,,,,,,
,,,,,,,,,,,,,,,,,,,,,,,,,,,,,,,,,,,,,,,,,,,,,,,,,,,
,,,,,,,,,,,,,,,,,,,,,,,,,,,,,,,,,,,,,,,,,,,,,,,,,,,
,,,,,,,,,,,,,,,,,,,,,,,,,,,,,,,,,,,,,,,,,,,,,,,,,,,
,,,,,,,,,,,,,,,,,,,,,,,,,,,,,,,,,,,,,,,,,,,,,,,,,,,
,,,,,,,,,,,,,,,,,,,,,,,,,,,,,,,,,,,,,,,,,,,,,,,,,,,
,,,,,,,,,,,,,,,,,,,,,,,,,,,,,,,,,,,,,,,,,,,,,,,,,,,
,,,,,,,,,,,,,,,,,,,,,,,,,,,,,,,,,,,,,,,,,,,,,,,,,,,
,,,,,,,,,,,,,,,,,,,,,,,,,,,,,,,,,,,,,,,,,,,,,,,,,,,
,,,,,,,,,,,,,,,,,,,,,,,,,,,,,,,,,,,,,,,,,,,,,,,,,,,
,,,,,,,,,,,,,,,,,,,,,,,,,,,,,,,,,,,,,,,,,,,,,,,,,,,
,,,,,,,,,,,,,,,,,,,,,,,,,,,,,,,,,,,,,,,,,,,,,,,,,,,
,,,,,,,,,,,,,,,,,,,,,,,,,,,,,,,,,,,,,,,,,,,,,,,,,,,
,,,,,,,,,,,,,,,,,,,,,,,,,,,,,,,,,,,,,,,,,,,,,,,,,,,
,,,,,,,,,,,,,,,,,,,,,,,,,,,,,,,,,,,,,,,,,,,,,,,,,,,
,,,,,,,,,,,,,,,,,,,,,,,,,,,,,,,,,,,,,,,,,,,,,,,,,,,
,,,,,,,,,,,,,,,,,,,,,,,,,,,,,,,,,,,,,,,,,,,,,,,,,,,
,,,,,,,,,,,,,,,,,,,,,,,,,,,,,,,,,,,,,,,,,,,,,,,,,,,
,,,,,,,,,,,,,,,,,,,,,,,,,,,,,,,,,,,,,,,,,,,,,,,,,,,
,,,,,,,,,,,,,,,,,,,,,,,,,,,,,,,,,,,,,,,,,,,,,,,,,,,
,,,,,,,,,,,,,,,,,,,,,,,,,,,,,,,,,,,,,,,,,,,,,,,,,,,
,,,,,,,,,,,,,,,,,,,,,,,,,,,,,,,,,,,,,,,,,,,,,,,,,,,
,,,,,,,,,,,,,,,,,,,,,,,,,,,,,,,,,,,,,,,,,,,,,,,,,,,
,,,,,,,,,,,,,,,,,,,,,,,,,,,,,,,,,,,,,,,,,,,,,,,,,,,
,,,,,,,,,,,,,,,,,,,,,,,,,,,,,,,,,,,,,,,,,,,,,,,,,,,
,,,,,,,,,,,,,,,,,,,,,,,,,,,,,,,,,,,,,,,,,,,,,,,,,,,
,,,,,,,,,,,,,,,,,,,,,,,,,,,,,,,,,,,,,,,,,,,,,,,,,,,
,,,,,,,,,,,,,,,,,,,,,,,,,,,,,,,,,,,,,,,,,,,,,,,,,,,
,,,,,,,,,,,,,,,,,,,,,,,,,,,,,,,,,,,,,,,,,,,,,,,,,,,
,,,,,,,,,,,,,,,,,,,,,,,,,,,,,,,,,,,,,,,,,,,,,,,,,,,
,,,,,,,,,,,,,,,,,,,,,,,,,,,,,,,,,,,,,,,,,,,,,,,,,,,
,,,,,,,,,,,,,,,,,,,,,,,,,,,,,,,,,,,,,,,,,,,,,,,,,,,
,,,,,,,,,,,,,,,,,,,,,,,,,,,,,,,,,,,,,,,,,,,,,,,,,,,
,,,,,,,,,,,,,,,,,,,,,,,,,,,,,,,,,,,,,,,,,,,,,,,,,,,
,,,,,,,,,,,,,,,,,,,,,,,,,,,,,,,,,,,,,,,,,,,,,,,,,,,
,,,,,,,,,,,,,,,,,,,,,,,,,,,,,,,,,,,,,,,,,,,,,,,,,,,
,,,,,,,,,,,,,,,,,,,,,,,,,,,,,,,,,,,,,,,,,,,,,,,,,,,
,,,,,,,,,,,,,,,,,,,,,,,,,,,,,,,,,,,,,,,,,,,,,,,,,,,
,,,,,,,,,,,,,,,,,,,,,,,,,,,,,,,,,,,,,,,,,,,,,,,,,,,
,,,,,,,,,,,,,,,,,,,,,,,,,,,,,,,,,,,,,,,,,,,,,,,,,,,
,,,,,,,,,,,,,,,,,,,,,,,,,,,,,,,,,,,,,,,,,,,,,,,,,,,
,,,,,,,,,,,,,,,,,,,,,,,,,,,,,,,,,,,,,,,,,,,,,,,,,,,
,,,,,,,,,,,,,,,,,,,,,,,,,,,,,,,,,,,,,,,,,,,,,,,,,,,
,,,,,,,,,,,,,,,,,,,,,,,,,,,,,,,,,,,,,,,,,,,,,,,,,,,
,,,,,,,,,,,,,,,,,,,,,,,,,,,,,,,,,,,,,,,,,,,,,,,,,,,
,,,,,,,,,,,,,,,,,,,,,,,,,,,,,,,,,,,,,,,,,,,,,,,,,,,
,,,,,,,,,,,,,,,,,,,,,,,,,,,,,,,,,,,,,,,,,,,,,,,,,,,
,,,,,,,,,,,,,,,,,,,,,,,,,,,,,,,,,,,,,,,,,,,,,,,,,,,
,,,,,,,,,,,,,,,,,,,,,,,,,,,,,,,,,,,,,,,,,,,,,,,,,,,
,,,,,,,,,,,,,,,,,,,,,,,,,,,,,,,,,,,,,,,,,,,,,,,,,,,
,,,,,,,,,,,,,,,,,,,,,,,,,,,,,,,,,,,,,,,,,,,,,,,,,,,
,,,,,,,,,,,,,,,,,,,,,,,,,,,,,,,,,,,,,,,,,,,,,,,,,,,
,,,,,,,,,,,,,,,,,,,,,,,,,,,,,,,,,,,,,,,,,,,,,,,,,,,
,,,,,,,,,,,,,,,,,,,,,,,,,,,,,,,,,,,,,,,,,,,,,,,,,,,
,,,,,,,,,,,,,,,,,,,,,,,,,,,,,,,,,,,,,,,,,,,,,,,,,,,
,,,,,,,,,,,,,,,,,,,,,,,,,,,,,,,,,,,,,,,,,,,,,,,,,,,
,,,,,,,,,,,,,,,,,,,,,,,,,,,,,,,,,,,,,,,,,,,,,,,,,,,
,,,,,,,,,,,,,,,,,,,,,,,,,,,,,,,,,,,,,,,,,,,,,,,,,,,
,,,,,,,,,,,,,,,,,,,,,,,,,,,,,,,,,,,,,,,,,,,,,,,,,,,
,,,,,,,,,,,,,,,,,,,,,,,,,,,,,,,,,,,,,,,,,,,,,,,,,,,
,,,,,,,,,,,,,,,,,,,,,,,,,,,,,,,,,,,,,,,,,,,,,,,,,,,
,,,,,,,,,,,,,,,,,,,,,,,,,,,,,,,,,,,,,,,,,,,,,,,,,,,
,,,,,,,,,,,,,,,,,,,,,,,,,,,,,,,,,,,,,,,,,,,,,,,,,,,
,,,,,,,,,,,,,,,,,,,,,,,,,,,,,,,,,,,,,,,,,,,,,,,,,,,
,,,,,,,,,,,,,,,,,,,,,,,,,,,,,,,,,,,,,,,,,,,,,,,,,,,
,,,,,,,,,,,,,,,,,,,,,,,,,,,,,,,,,,,,,,,,,,,,,,,,,,,
,,,,,,,,,,,,,,,,,,,,,,,,,,,,,,,,,,,,,,,,,,,,,,,,,,,
,,,,,,,,,,,,,,,,,,,,,,,,,,,,,,,,,,,,,,,,,,,,,,,,,,,
,,,,,,,,,,,,,,,,,,,,,,,,,,,,,,,,,,,,,,,,,,,,,,,,,,,
,,,,,,,,,,,,,,,,,,,,,,,,,,,,,,,,,,,,,,,,,,,,,,,,,,,
,,,,,,,,,,,,,,,,,,,,,,,,,,,,,,,,,,,,,,,,,,,,,,,,,,,
,,,,,,,,,,,,,,,,,,,,,,,,,,,,,,,,,,,,,,,,,,,,,,,,,,,
,,,,,,,,,,,,,,,,,,,,,,,,,,,,,,,,,,,,,,,,,,,,,,,,,,,
,,,,,,,,,,,,,,,,,,,,,,,,,,,,,,,,,,,,,,,,,,,,,,,,,,,
,,,,,,,,,,,,,,,,,,,,,,,,,,,,,,,,,,,,,,,,,,,,,,,,,,,
,,,,,,,,,,,,,,,,,,,,,,,,,,,,,,,,,,,,,,,,,,,,,,,,,,,
,,,,,,,,,,,,,,,,,,,,,,,,,,,,,,,,,,,,,,,,,,,,,,,,,,,
,,,,,,,,,,,,,,,,,,,,,,,,,,,,,,,,,,,,,,,,,,,,,,,,,,,
,,,,,,,,,,,,,,,,,,,,,,,,,,,,,,,,,,,,,,,,,,,,,,,,,,,
,,,,,,,,,,,,,,,,,,,,,,,,,,,,,,,,,,,,,,,,,,,,,,,,,,,
,,,,,,,,,,,,,,,,,,,,,,,,,,,,,,,,,,,,,,,,,,,,,,,,,,,
,,,,,,,,,,,,,,,,,,,,,,,,,,,,,,,,,,,,,,,,,,,,,,,,,,,
,,,,,,,,,,,,,,,,,,,,,,,,,,,,,,,,,,,,,,,,,,,,,,,,,,,
,,,,,,,,,,,,,,,,,,,,,,,,,,,,,,,,,,,,,,,,,,,,,,,,,,,
,,,,,,,,,,,,,,,,,,,,,,,,,,,,,,,,,,,,,,,,,,,,,,,,,,,
,,,,,,,,,,,,,,,,,,,,,,,,,,,,,,,,,,,,,,,,,,,,,,,,,,,
,,,,,,,,,,,,,,,,,,,,,,,,,,,,,,,,,,,,,,,,,,,,,,,,,,,
,,,,,,,,,,,,,,,,,,,,,,,,,,,,,,,,,,,,,,,,,,,,,,,,,,,
,,,,,,,,,,,,,,,,,,,,,,,,,,,,,,,,,,,,,,,,,,,,,,,,,,,
,,,,,,,,,,,,,,,,,,,,,,,,,,,,,,,,,,,,,,,,,,,,,,,,,,,
,,,,,,,,,,,,,,,,,,,,,,,,,,,,,,,,,,,,,,,,,,,,,,,,,,,
,,,,,,,,,,,,,,,,,,,,,,,,,,,,,,,,,,,,,,,,,,,,,,,,,,,
,,,,,,,,,,,,,,,,,,,,,,,,,,,,,,,,,,,,,,,,,,,,,,,,,,,
,,,,,,,,,,,,,,,,,,,,,,,,,,,,,,,,,,,,,,,,,,,,,,,,,,,
,,,,,,,,,,,,,,,,,,,,,,,,,,,,,,,,,,,,,,,,,,,,,,,,,,,
,,,,,,,,,,,,,,,,,,,,,,,,,,,,,,,,,,,,,,,,,,,,,,,,,,,
,,,,,,,,,,,,,,,,,,,,,,,,,,,,,,,,,,,,,,,,,,,,,,,,,,,
,,,,,,,,,,,,,,,,,,,,,,,,,,,,,,,,,,,,,,,,,,,,,,,,,,,
,,,,,,,,,,,,,,,,,,,,,,,,,,,,,,,,,,,,,,,,,,,,,,,,,,,
,,,,,,,,,,,,,,,,,,,,,,,,,,,,,,,,,,,,,,,,,,,,,,,,,,,
,,,,,,,,,,,,,,,,,,,,,,,,,,,,,,,,,,,,,,,,,,,,,,,,,,,
,,,,,,,,,,,,,,,,,,,,,,,,,,,,,,,,,,,,,,,,,,,,,,,,,,,
,,,,,,,,,,,,,,,,,,,,,,,,,,,,,,,,,,,,,,,,,,,,,,,,,,,
,,,,,,,,,,,,,,,,,,,,,,,,,,,,,,,,,,,,,,,,,,,,,,,,,,,
,,,,,,,,,,,,,,,,,,,,,,,,,,,,,,,,,,,,,,,,,,,,,,,,,,,
,,,,,,,,,,,,,,,,,,,,,,,,,,,,,,,,,,,,,,,,,,,,,,,,,,,
,,,,,,,,,,,,,,,,,,,,,,,,,,,,,,,,,,,,,,,,,,,,,,,,,,,
,,,,,,,,,,,,,,,,,,,,,,,,,,,,,,,,,,,,,,,,,,,,,,,,,,,
,,,,,,,,,,,,,,,,,,,,,,,,,,,,,,,,,,,,,,,,,,,,,,,,,,,
,,,,,,,,,,,,,,,,,,,,,,,,,,,,,,,,,,,,,,,,,,,,,,,,,,,
,,,,,,,,,,,,,,,,,,,,,,,,,,,,,,,,,,,,,,,,,,,,,,,,,,,
,,,,,,,,,,,,,,,,,,,,,,,,,,,,,,,,,,,,,,,,,,,,,,,,,,,
,,,,,,,,,,,,,,,,,,,,,,,,,,,,,,,,,,,,,,,,,,,,,,,,,,,
,,,,,,,,,,,,,,,,,,,,,,,,,,,,,,,,,,,,,,,,,,,,,,,,,,,
,,,,,,,,,,,,,,,,,,,,,,,,,,,,,,,,,,,,,,,,,,,,,,,,,,,
,,,,,,,,,,,,,,,,,,,,,,,,,,,,,,,,,,,,,,,,,,,,,,,,,,,
,,,,,,,,,,,,,,,,,,,,,,,,,,,,,,,,,,,,,,,,,,,,,,,,,,,
,,,,,,,,,,,,,,,,,,,,,,,,,,,,,,,,,,,,,,,,,,,,,,,,,,,
,,,,,,,,,,,,,,,,,,,,,,,,,,,,,,,,,,,,,,,,,,,,,,,,,,,
,,,,,,,,,,,,,,,,,,,,,,,,,,,,,,,,,,,,,,,,,,,,,,,,,,,
,,,,,,,,,,,,,,,,,,,,,,,,,,,,,,,,,,,,,,,,,,,,,,,,,,,
,,,,,,,,,,,,,,,,,,,,,,,,,,,,,,,,,,,,,,,,,,,,,,,,,,,
,,,,,,,,,,,,,,,,,,,,,,,,,,,,,,,,,,,,,,,,,,,,,,,,,,,
,,,,,,,,,,,,,,,,,,,,,,,,,,,,,,,,,,,,,,,,,,,,,,,,,,,
,,,,,,,,,,,,,,,,,,,,,,,,,,,,,,,,,,,,,,,,,,,,,,,,,,,
,,,,,,,,,,,,,,,,,,,,,,,,,,,,,,,,,,,,,,,,,,,,,,,,,,,
,,,,,,,,,,,,,,,,,,,,,,,,,,,,,,,,,,,,,,,,,,,,,,,,,,,
,,,,,,,,,,,,,,,,,,,,,,,,,,,,,,,,,,,,,,,,,,,,,,,,,,,
,,,,,,,,,,,,,,,,,,,,,,,,,,,,,,,,,,,,,,,,,,,,,,,,,,,
,,,,,,,,,,,,,,,,,,,,,,,,,,,,,,,,,,,,,,,,,,,,,,,,,,,
,,,,,,,,,,,,,,,,,,,,,,,,,,,,,,,,,,,,,,,,,,,,,,,,,,,
,,,,,,,,,,,,,,,,,,,,,,,,,,,,,,,,,,,,,,,,,,,,,,,,,,,
,,,,,,,,,,,,,,,,,,,,,,,,,,,,,,,,,,,,,,,,,,,,,,,,,,,
,,,,,,,,,,,,,,,,,,,,,,,,,,,,,,,,,,,,,,,,,,,,,,,,,,,
,,,,,,,,,,,,,,,,,,,,,,,,,,,,,,,,,,,,,,,,,,,,,,,,,,,
,,,,,,,,,,,,,,,,,,,,,,,,,,,,,,,,,,,,,,,,,,,,,,,,,,,
,,,,,,,,,,,,,,,,,,,,,,,,,,,,,,,,,,,,,,,,,,,,,,,,,,,
,,,,,,,,,,,,,,,,,,,,,,,,,,,,,,,,,,,,,,,,,,,,,,,,,,,
,,,,,,,,,,,,,,,,,,,,,,,,,,,,,,,,,,,,,,,,,,,,,,,,,,,
,,,,,,,,,,,,,,,,,,,,,,,,,,,,,,,,,,,,,,,,,,,,,,,,,,,
,,,,,,,,,,,,,,,,,,,,,,,,,,,,,,,,,,,,,,,,,,,,,,,,,,,
,,,,,,,,,,,,,,,,,,,,,,,,,,,,,,,,,,,,,,,,,,,,,,,,,,,
,,,,,,,,,,,,,,,,,,,,,,,,,,,,,,,,,,,,,,,,,,,,,,,,,,,
,,,,,,,,,,,,,,,,,,,,,,,,,,,,,,,,,,,,,,,,,,,,,,,,,,,
,,,,,,,,,,,,,,,,,,,,,,,,,,,,,,,,,,,,,,,,,,,,,,,,,,,
,,,,,,,,,,,,,,,,,,,,,,,,,,,,,,,,,,,,,,,,,,,,,,,,,,,
,,,,,,,,,,,,,,,,,,,,,,,,,,,,,,,,,,,,,,,,,,,,,,,,,,,
,,,,,,,,,,,,,,,,,,,,,,,,,,,,,,,,,,,,,,,,,,,,,,,,,,,
,,,,,,,,,,,,,,,,,,,,,,,,,,,,,,,,,,,,,,,,,,,,,,,,,,,
,,,,,,,,,,,,,,,,,,,,,,,,,,,,,,,,,,,,,,,,,,,,,,,,,,,
,,,,,,,,,,,,,,,,,,,,,,,,,,,,,,,,,,,,,,,,,,,,,,,,,,,
,,,,,,,,,,,,,,,,,,,,,,,,,,,,,,,,,,,,,,,,,,,,,,,,,,,
,,,,,,,,,,,,,,,,,,,,,,,,,,,,,,,,,,,,,,,,,,,,,,,,,,,
,,,,,,,,,,,,,,,,,,,,,,,,,,,,,,,,,,,,,,,,,,,,,,,,,,,
,,,,,,,,,,,,,,,,,,,,,,,,,,,,,,,,,,,,,,,,,,,,,,,,,,,
,,,,,,,,,,,,,,,,,,,,,,,,,,,,,,,,,,,,,,,,,,,,,,,,,,,
,,,,,,,,,,,,,,,,,,,,,,,,,,,,,,,,,,,,,,,,,,,,,,,,,,,
,,,,,,,,,,,,,,,,,,,,,,,,,,,,,,,,,,,,,,,,,,,,,,,,,,,
,,,,,,,,,,,,,,,,,,,,,,,,,,,,,,,,,,,,,,,,,,,,,,,,,,,
,,,,,,,,,,,,,,,,,,,,,,,,,,,,,,,,,,,,,,,,,,,,,,,,,,,
,,,,,,,,,,,,,,,,,,,,,,,,,,,,,,,,,,,,,,,,,,,,,,,,,,,
,,,,,,,,,,,,,,,,,,,,,,,,,,,,,,,,,,,,,,,,,,,,,,,,,,,
,,,,,,,,,,,,,,,,,,,,,,,,,,,,,,,,,,,,,,,,,,,,,,,,,,,
,,,,,,,,,,,,,,,,,,,,,,,,,,,,,,,,,,,,,,,,,,,,,,,,,,,
,,,,,,,,,,,,,,,,,,,,,,,,,,,,,,,,,,,,,,,,,,,,,,,,,,,
,,,,,,,,,,,,,,,,,,,,,,,,,,,,,,,,,,,,,,,,,,,,,,,,,,,
,,,,,,,,,,,,,,,,,,,,,,,,,,,,,,,,,,,,,,,,,,,,,,,,,,,
,,,,,,,,,,,,,,,,,,,,,,,,,,,,,,,,,,,,,,,,,,,,,,,,,,,
,,,,,,,,,,,,,,,,,,,,,,,,,,,,,,,,,,,,,,,,,,,,,,,,,,,
,,,,,,,,,,,,,,,,,,,,,,,,,,,,,,,,,,,,,,,,,,,,,,,,,,,
,,,,,,,,,,,,,,,,,,,,,,,,,,,,,,,,,,,,,,,,,,,,,,,,,,,
,,,,,,,,,,,,,,,,,,,,,,,,,,,,,,,,,,,,,,,,,,,,,,,,,,,
,,,,,,,,,,,,,,,,,,,,,,,,,,,,,,,,,,,,,,,,,,,,,,,,,,,
,,,,,,,,,,,,,,,,,,,,,,,,,,,,,,,,,,,,,,,,,,,,,,,,,,,
,,,,,,,,,,,,,,,,,,,,,,,,,,,,,,,,,,,,,,,,,,,,,,,,,,,
,,,,,,,,,,,,,,,,,,,,,,,,,,,,,,,,,,,,,,,,,,,,,,,,,,,
,,,,,,,,,,,,,,,,,,,,,,,,,,,,,,,,,,,,,,,,,,,,,,,,,,,
,,,,,,,,,,,,,,,,,,,,,,,,,,,,,,,,,,,,,,,,,,,,,,,,,,,
,,,,,,,,,,,,,,,,,,,,,,,,,,,,,,,,,,,,,,,,,,,,,,,,,,,
,,,,,,,,,,,,,,,,,,,,,,,,,,,,,,,,,,,,,,,,,,,,,,,,,,,
,,,,,,,,,,,,,,,,,,,,,,,,,,,,,,,,,,,,,,,,,,,,,,,,,,,
,,,,,,,,,,,,,,,,,,,,,,,,,,,,,,,,,,,,,,,,,,,,,,,,,,,
,,,,,,,,,,,,,,,,,,,,,,,,,,,,,,,,,,,,,,,,,,,,,,,,,,,
,,,,,,,,,,,,,,,,,,,,,,,,,,,,,,,,,,,,,,,,,,,,,,,,,,,
,,,,,,,,,,,,,,,,,,,,,,,,,,,,,,,,,,,,,,,,,,,,,,,,,,,
,,,,,,,,,,,,,,,,,,,,,,,,,,,,,,,,,,,,,,,,,,,,,,,,,,,
,,,,,,,,,,,,,,,,,,,,,,,,,,,,,,,,,,,,,,,,,,,,,,,,,,,
,,,,,,,,,,,,,,,,,,,,,,,,,,,,,,,,,,,,,,,,,,,,,,,,,,,
,,,,,,,,,,,,,,,,,,,,,,,,,,,,,,,,,,,,,,,,,,,,,,,,,,,
,,,,,,,,,,,,,,,,,,,,,,,,,,,,,,,,,,,,,,,,,,,,,,,,,,,
,,,,,,,,,,,,,,,,,,,,,,,,,,,,,,,,,,,,,,,,,,,,,,,,,,,
,,,,,,,,,,,,,,,,,,,,,,,,,,,,,,,,,,,,,,,,,,,,,,,,,,,
,,,,,,,,,,,,,,,,,,,,,,,,,,,,,,,,,,,,,,,,,,,,,,,,,,,
,,,,,,,,,,,,,,,,,,,,,,,,,,,,,,,,,,,,,,,,,,,,,,,,,,,
,,,,,,,,,,,,,,,,,,,,,,,,,,,,,,,,,,,,,,,,,,,,,,,,,,,
,,,,,,,,,,,,,,,,,,,,,,,,,,,,,,,,,,,,,,,,,,,,,,,,,,,
,,,,,,,,,,,,,,,,,,,,,,,,,,,,,,,,,,,,,,,,,,,,,,,,,,,
,,,,,,,,,,,,,,,,,,,,,,,,,,,,,,,,,,,,,,,,,,,,,,,,,,,
,,,,,,,,,,,,,,,,,,,,,,,,,,,,,,,,,,,,,,,,,,,,,,,,,,,
,,,,,,,,,,,,,,,,,,,,,,,,,,,,,,,,,,,,,,,,,,,,,,,,,,,
,,,,,,,,,,,,,,,,,,,,,,,,,,,,,,,,,,,,,,,,,,,,,,,,,,,
,,,,,,,,,,,,,,,,,,,,,,,,,,,,,,,,,,,,,,,,,,,,,,,,,,,
,,,,,,,,,,,,,,,,,,,,,,,,,,,,,,,,,,,,,,,,,,,,,,,,,,,
,,,,,,,,,,,,,,,,,,,,,,,,,,,,,,,,,,,,,,,,,,,,,,,,,,,
,,,,,,,,,,,,,,,,,,,,,,,,,,,,,,,,,,,,,,,,,,,,,,,,,,,
,,,,,,,,,,,,,,,,,,,,,,,,,,,,,,,,,,,,,,,,,,,,,,,,,,,
,,,,,,,,,,,,,,,,,,,,,,,,,,,,,,,,,,,,,,,,,,,,,,,,,,,
,,,,,,,,,,,,,,,,,,,,,,,,,,,,,,,,,,,,,,,,,,,,,,,,,,,
,,,,,,,,,,,,,,,,,,,,,,,,,,,,,,,,,,,,,,,,,,,,,,,,,,,
,,,,,,,,,,,,,,,,,,,,,,,,,,,,,,,,,,,,,,,,,,,,,,,,,,,
,,,,,,,,,,,,,,,,,,,,,,,,,,,,,,,,,,,,,,,,,,,,,,,,,,,
,,,,,,,,,,,,,,,,,,,,,,,,,,,,,,,,,,,,,,,,,,,,,,,,,,,
,,,,,,,,,,,,,,,,,,,,,,,,,,,,,,,,,,,,,,,,,,,,,,,,,,,
,,,,,,,,,,,,,,,,,,,,,,,,,,,,,,,,,,,,,,,,,,,,,,,,,,,
,,,,,,,,,,,,,,,,,,,,,,,,,,,,,,,,,,,,,,,,,,,,,,,,,,,
,,,,,,,,,,,,,,,,,,,,,,,,,,,,,,,,,,,,,,,,,,,,,,,,,,,
,,,,,,,,,,,,,,,,,,,,,,,,,,,,,,,,,,,,,,,,,,,,,,,,,,,
,,,,,,,,,,,,,,,,,,,,,,,,,,,,,,,,,,,,,,,,,,,,,,,,,,,
,,,,,,,,,,,,,,,,,,,,,,,,,,,,,,,,,,,,,,,,,,,,,,,,,,,
,,,,,,,,,,,,,,,,,,,,,,,,,,,,,,,,,,,,,,,,,,,,,,,,,,,
,,,,,,,,,,,,,,,,,,,,,,,,,,,,,,,,,,,,,,,,,,,,,,,,,,,
,,,,,,,,,,,,,,,,,,,,,,,,,,,,,,,,,,,,,,,,,,,,,,,,,,,
,,,,,,,,,,,,,,,,,,,,,,,,,,,,,,,,,,,,,,,,,,,,,,,,,,,
,,,,,,,,,,,,,,,,,,,,,,,,,,,,,,,,,,,,,,,,,,,,,,,,,,,
,,,,,,,,,,,,,,,,,,,,,,,,,,,,,,,,,,,,,,,,,,,,,,,,,,,
,,,,,,,,,,,,,,,,,,,,,,,,,,,,,,,,,,,,,,,,,,,,,,,,,,,
,,,,,,,,,,,,,,,,,,,,,,,,,,,,,,,,,,,,,,,,,,,,,,,,,,,
,,,,,,,,,,,,,,,,,,,,,,,,,,,,,,,,,,,,,,,,,,,,,,,,,,,
,,,,,,,,,,,,,,,,,,,,,,,,,,,,,,,,,,,,,,,,,,,,,,,,,,,
,,,,,,,,,,,,,,,,,,,,,,,,,,,,,,,,,,,,,,,,,,,,,,,,,,,
,,,,,,,,,,,,,,,,,,,,,,,,,,,,,,,,,,,,,,,,,,,,,,,,,,,
,,,,,,,,,,,,,,,,,,,,,,,,,,,,,,,,,,,,,,,,,,,,,,,,,,,
,,,,,,,,,,,,,,,,,,,,,,,,,,,,,,,,,,,,,,,,,,,,,,,,,,,
,,,,,,,,,,,,,,,,,,,,,,,,,,,,,,,,,,,,,,,,,,,,,,,,,,,
,,,,,,,,,,,,,,,,,,,,,,,,,,,,,,,,,,,,,,,,,,,,,,,,,,,
,,,,,,,,,,,,,,,,,,,,,,,,,,,,,,,,,,,,,,,,,,,,,,,,,,,
,,,,,,,,,,,,,,,,,,,,,,,,,,,,,,,,,,,,,,,,,,,,,,,,,,,
,,,,,,,,,,,,,,,,,,,,,,,,,,,,,,,,,,,,,,,,,,,,,,,,,,,
,,,,,,,,,,,,,,,,,,,,,,,,,,,,,,,,,,,,,,,,,,,,,,,,,,,
,,,,,,,,,,,,,,,,,,,,,,,,,,,,,,,,,,,,,,,,,,,,,,,,,,,
,,,,,,,,,,,,,,,,,,,,,,,,,,,,,,,,,,,,,,,,,,,,,,,,,,,
,,,,,,,,,,,,,,,,,,,,,,,,,,,,,,,,,,,,,,,,,,,,,,,,,,,
,,,,,,,,,,,,,,,,,,,,,,,,,,,,,,,,,,,,,,,,,,,,,,,,,,,
,,,,,,,,,,,,,,,,,,,,,,,,,,,,,,,,,,,,,,,,,,,,,,,,,,,
,,,,,,,,,,,,,,,,,,,,,,,,,,,,,,,,,,,,,,,,,,,,,,,,,,,
,,,,,,,,,,,,,,,,,,,,,,,,,,,,,,,,,,,,,,,,,,,,,,,,,,,
,,,,,,,,,,,,,,,,,,,,,,,,,,,,,,,,,,,,,,,,,,,,,,,,,,,
,,,,,,,,,,,,,,,,,,,,,,,,,,,,,,,,,,,,,,,,,,,,,,,,,,,
,,,,,,,,,,,,,,,,,,,,,,,,,,,,,,,,,,,,,,,,,,,,,,,,,,,
,,,,,,,,,,,,,,,,,,,,,,,,,,,,,,,,,,,,,,,,,,,,,,,,,,,
,,,,,,,,,,,,,,,,,,,,,,,,,,,,,,,,,,,,,,,,,,,,,,,,,,,
,,,,,,,,,,,,,,,,,,,,,,,,,,,,,,,,,,,,,,,,,,,,,,,,,,,
,,,,,,,,,,,,,,,,,,,,,,,,,,,,,,,,,,,,,,,,,,,,,,,,,,,
,,,,,,,,,,,,,,,,,,,,,,,,,,,,,,,,,,,,,,,,,,,,,,,,,,,
,,,,,,,,,,,,,,,,,,,,,,,,,,,,,,,,,,,,,,,,,,,,,,,,,,,
,,,,,,,,,,,,,,,,,,,,,,,,,,,,,,,,,,,,,,,,,,,,,,,,,,,
,,,,,,,,,,,,,,,,,,,,,,,,,,,,,,,,,,,,,,,,,,,,,,,,,,,
,,,,,,,,,,,,,,,,,,,,,,,,,,,,,,,,,,,,,,,,,,,,,,,,,,,
,,,,,,,,,,,,,,,,,,,,,,,,,,,,,,,,,,,,,,,,,,,,,,,,,,,
,,,,,,,,,,,,,,,,,,,,,,,,,,,,,,,,,,,,,,,,,,,,,,,,,,,
,,,,,,,,,,,,,,,,,,,,,,,,,,,,,,,,,,,,,,,,,,,,,,,,,,,
,,,,,,,,,,,,,,,,,,,,,,,,,,,,,,,,,,,,,,,,,,,,,,,,,,,
,,,,,,,,,,,,,,,,,,,,,,,,,,,,,,,,,,,,,,,,,,,,,,,,,,,
,,,,,,,,,,,,,,,,,,,,,,,,,,,,,,,,,,,,,,,,,,,,,,,,,,,
,,,,,,,,,,,,,,,,,,,,,,,,,,,,,,,,,,,,,,,,,,,,,,,,,,,
,,,,,,,,,,,,,,,,,,,,,,,,,,,,,,,,,,,,,,,,,,,,,,,,,,,
,,,,,,,,,,,,,,,,,,,,,,,,,,,,,,,,,,,,,,,,,,,,,,,,,,,
,,,,,,,,,,,,,,,,,,,,,,,,,,,,,,,,,,,,,,,,,,,,,,,,,,,
,,,,,,,,,,,,,,,,,,,,,,,,,,,,,,,,,,,,,,,,,,,,,,,,,,,
,,,,,,,,,,,,,,,,,,,,,,,,,,,,,,,,,,,,,,,,,,,,,,,,,,,
,,,,,,,,,,,,,,,,,,,,,,,,,,,,,,,,,,,,,,,,,,,,,,,,,,,
,,,,,,,,,,,,,,,,,,,,,,,,,,,,,,,,,,,,,,,,,,,,,,,,,,,
,,,,,,,,,,,,,,,,,,,,,,,,,,,,,,,,,,,,,,,,,,,,,,,,,,,
,,,,,,,,,,,,,,,,,,,,,,,,,,,,,,,,,,,,,,,,,,,,,,,,,,,
,,,,,,,,,,,,,,,,,,,,,,,,,,,,,,,,,,,,,,,,,,,,,,,,,,,
,,,,,,,,,,,,,,,,,,,,,,,,,,,,,,,,,,,,,,,,,,,,,,,,,,,
,,,,,,,,,,,,,,,,,,,,,,,,,,,,,,,,,,,,,,,,,,,,,,,,,,,
,,,,,,,,,,,,,,,,,,,,,,,,,,,,,,,,,,,,,,,,,,,,,,,,,,,
,,,,,,,,,,,,,,,,,,,,,,,,,,,,,,,,,,,,,,,,,,,,,,,,,,,
,,,,,,,,,,,,,,,,,,,,,,,,,,,,,,,,,,,,,,,,,,,,,,,,,,,
,,,,,,,,,,,,,,,,,,,,,,,,,,,,,,,,,,,,,,,,,,,,,,,,,,,
,,,,,,,,,,,,,,,,,,,,,,,,,,,,,,,,,,,,,,,,,,,,,,,,,,,
,,,,,,,,,,,,,,,,,,,,,,,,,,,,,,,,,,,,,,,,,,,,,,,,,,,
,,,,,,,,,,,,,,,,,,,,,,,,,,,,,,,,,,,,,,,,,,,,,,,,,,,
,,,,,,,,,,,,,,,,,,,,,,,,,,,,,,,,,,,,,,,,,,,,,,,,,,,
,,,,,,,,,,,,,,,,,,,,,,,,,,,,,,,,,,,,,,,,,,,,,,,,,,,
,,,,,,,,,,,,,,,,,,,,,,,,,,,,,,,,,,,,,,,,,,,,,,,,,,,
,,,,,,,,,,,,,,,,,,,,,,,,,,,,,,,,,,,,,,,,,,,,,,,,,,,
,,,,,,,,,,,,,,,,,,,,,,,,,,,,,,,,,,,,,,,,,,,,,,,,,,,
,,,,,,,,,,,,,,,,,,,,,,,,,,,,,,,,,,,,,,,,,,,,,,,,,,,
,,,,,,,,,,,,,,,,,,,,,,,,,,,,,,,,,,,,,,,,,,,,,,,,,,,
,,,,,,,,,,,,,,,,,,,,,,,,,,,,,,,,,,,,,,,,,,,,,,,,,,,
,,,,,,,,,,,,,,,,,,,,,,,,,,,,,,,,,,,,,,,,,,,,,,,,,,,
,,,,,,,,,,,,,,,,,,,,,,,,,,,,,,,,,,,,,,,,,,,,,,,,,,,
,,,,,,,,,,,,,,,,,,,,,,,,,,,,,,,,,,,,,,,,,,,,,,,,,,,
,,,,,,,,,,,,,,,,,,,,,,,,,,,,,,,,,,,,,,,,,,,,,,,,,,,
,,,,,,,,,,,,,,,,,,,,,,,,,,,,,,,,,,,,,,,,,,,,,,,,,,,
,,,,,,,,,,,,,,,,,,,,,,,,,,,,,,,,,,,,,,,,,,,,,,,,,,,
,,,,,,,,,,,,,,,,,,,,,,,,,,,,,,,,,,,,,,,,,,,,,,,,,,,
,,,,,,,,,,,,,,,,,,,,,,,,,,,,,,,,,,,,,,,,,,,,,,,,,,,
,,,,,,,,,,,,,,,,,,,,,,,,,,,,,,,,,,,,,,,,,,,,,,,,,,,
,,,,,,,,,,,,,,,,,,,,,,,,,,,,,,,,,,,,,,,,,,,,,,,,,,,
,,,,,,,,,,,,,,,,,,,,,,,,,,,,,,,,,,,,,,,,,,,,,,,,,,,
,,,,,,,,,,,,,,,,,,,,,,,,,,,,,,,,,,,,,,,,,,,,,,,,,,,
,,,,,,,,,,,,,,,,,,,,,,,,,,,,,,,,,,,,,,,,,,,,,,,,,,,
,,,,,,,,,,,,,,,,,,,,,,,,,,,,,,,,,,,,,,,,,,,,,,,,,,,
,,,,,,,,,,,,,,,,,,,,,,,,,,,,,,,,,,,,,,,,,,,,,,,,,,,
,,,,,,,,,,,,,,,,,,,,,,,,,,,,,,,,,,,,,,,,,,,,,,,,,,,
,,,,,,,,,,,,,,,,,,,,,,,,,,,,,,,,,,,,,,,,,,,,,,,,,,,
,,,,,,,,,,,,,,,,,,,,,,,,,,,,,,,,,,,,,,,,,,,,,,,,,,,
,,,,,,,,,,,,,,,,,,,,,,,,,,,,,,,,,,,,,,,,,,,,,,,,,,,
,,,,,,,,,,,,,,,,,,,,,,,,,,,,,,,,,,,,,,,,,,,,,,,,,,,
,,,,,,,,,,,,,,,,,,,,,,,,,,,,,,,,,,,,,,,,,,,,,,,,,,,
,,,,,,,,,,,,,,,,,,,,,,,,,,,,,,,,,,,,,,,,,,,,,,,,,,,
,,,,,,,,,,,,,,,,,,,,,,,,,,,,,,,,,,,,,,,,,,,,,,,,,,,
,,,,,,,,,,,,,,,,,,,,,,,,,,,,,,,,,,,,,,,,,,,,,,,,,,,
,,,,,,,,,,,,,,,,,,,,,,,,,,,,,,,,,,,,,,,,,,,,,,,,,,,
,,,,,,,,,,,,,,,,,,,,,,,,,,,,,,,,,,,,,,,,,,,,,,,,,,,
,,,,,,,,,,,,,,,,,,,,,,,,,,,,,,,,,,,,,,,,,,,,,,,,,,,
,,,,,,,,,,,,,,,,,,,,,,,,,,,,,,,,,,,,,,,,,,,,,,,,,,,
,,,,,,,,,,,,,,,,,,,,,,,,,,,,,,,,,,,,,,,,,,,,,,,,,,,
,,,,,,,,,,,,,,,,,,,,,,,,,,,,,,,,,,,,,,,,,,,,,,,,,,,
,,,,,,,,,,,,,,,,,,,,,,,,,,,,,,,,,,,,,,,,,,,,,,,,,,,
,,,,,,,,,,,,,,,,,,,,,,,,,,,,,,,,,,,,,,,,,,,,,,,,,,,
,,,,,,,,,,,,,,,,,,,,,,,,,,,,,,,,,,,,,,,,,,,,,,,,,,,
,,,,,,,,,,,,,,,,,,,,,,,,,,,,,,,,,,,,,,,,,,,,,,,,,,,
,,,,,,,,,,,,,,,,,,,,,,,,,,,,,,,,,,,,,,,,,,,,,,,,,,,
,,,,,,,,,,,,,,,,,,,,,,,,,,,,,,,,,,,,,,,,,,,,,,,,,,,
,,,,,,,,,,,,,,,,,,,,,,,,,,,,,,,,,,,,,,,,,,,,,,,,,,,
,,,,,,,,,,,,,,,,,,,,,,,,,,,,,,,,,,,,,,,,,,,,,,,,,,,
,,,,,,,,,,,,,,,,,,,,,,,,,,,,,,,,,,,,,,,,,,,,,,,,,,,
,,,,,,,,,,,,,,,,,,,,,,,,,,,,,,,,,,,,,,,,,,,,,,,,,,,
,,,,,,,,,,,,,,,,,,,,,,,,,,,,,,,,,,,,,,,,,,,,,,,,,,,
,,,,,,,,,,,,,,,,,,,,,,,,,,,,,,,,,,,,,,,,,,,,,,,,,,,
,,,,,,,,,,,,,,,,,,,,,,,,,,,,,,,,,,,,,,,,,,,,,,,,,,,
,,,,,,,,,,,,,,,,,,,,,,,,,,,,,,,,,,,,,,,,,,,,,,,,,,,
,,,,,,,,,,,,,,,,,,,,,,,,,,,,,,,,,,,,,,,,,,,,,,,,,,,
,,,,,,,,,,,,,,,,,,,,,,,,,,,,,,,,,,,,,,,,,,,,,,,,,,,
,,,,,,,,,,,,,,,,,,,,,,,,,,,,,,,,,,,,,,,,,,,,,,,,,,,
,,,,,,,,,,,,,,,,,,,,,,,,,,,,,,,,,,,,,,,,,,,,,,,,,,,
,,,,,,,,,,,,,,,,,,,,,,,,,,,,,,,,,,,,,,,,,,,,,,,,,,,
,,,,,,,,,,,,,,,,,,,,,,,,,,,,,,,,,,,,,,,,,,,,,,,,,,,
,,,,,,,,,,,,,,,,,,,,,,,,,,,,,,,,,,,,,,,,,,,,,,,,,,,
,,,,,,,,,,,,,,,,,,,,,,,,,,,,,,,,,,,,,,,,,,,,,,,,,,,
,,,,,,,,,,,,,,,,,,,,,,,,,,,,,,,,,,,,,,,,,,,,,,,,,,,
