subject,id,level,sa,choices,totalTrials_Pre,totalHits_Pre,totalFailures_Pre,totalTrials_Post,hitsPost,failuresPost,hitRatePre,hitRatePreMean,hitRatePresd,z(hit)_pre,failureRatePre,failureRatePreMean,failureRatePresd,z(failure)_pre,hitRatePost,hitRatePostMean,hitRatePostsd,z(hit)_post,failureRatePost,failureRatePostMean,failureRatePostsd,z(failure)_post,,d_prime_pre,d_prime_post
ah,N1,1,800,3,378,375,3,578,576,2,0.330687831,0.319251574,0.020895117,0.54731723,0.002645503,0.01408176,0.020895117,-0.547317208,0.332179931,0.331298397,0.001562822,0.564065658,0.001153403,0.01408176,0.001562822,-8.272444508,,1.094634438,8.836510165
ah,N1,1,1000,2,96,96,0,579,576,3,0.5,0.49932467,0.001013239,0.666506244,0,0.00067533,0.001013239,-0.666506244,0.497409326,0.49935121,0.000924659,-2.100107152,0.002590674,0.00067533,0.000924659,2.071405288,,1.333012488,-4.17151244
ah,N1,1,600,3,400,392,8,582,576,6,0.326666667,0.322724036,0.013569623,0.29054828,0.006666667,0.010609297,0.013569623,-0.290548233,0.329896907,0.331633166,0.001395258,-1.244400414,0.003436426,0.010609297,0.001395258,-5.140893312,,0.581096513,3.896492898
ah,N1,1,400,4,383,368,15,270,263,7,0.240208877,0.239128891,0.010226602,0.105605583,0.009791123,0.010871109,0.010226602,-0.105605583,0.243518519,0.244313304,0.007402995,-0.10735987,0.006481481,0.010871109,0.007402995,-0.592953009,,0.211211166,0.485593139
ah,N1,1,300,4,350,328,22,0,0,0,0.234285714,0.234246775,0.010382578,0.00375039,0.015714286,0.015753225,0.010382578,-0.00375039,nan,,,#VALUE!,nan,0.015753225,,#VALUE!,,0.007500779,#VALUE!
ah,N1,1,200,4,9,8,1,0,0,0,0.222222222,0.220175594,0.007131577,0.286981124,0.027777778,0.029824406,0.007131577,-0.286981124,nan,,,#VALUE!,nan,0.029824406,,#VALUE!,,0.573962249,#VALUE!
ah,N1,2,800,3,380,375,5,593,576,17,0.328947368,0.314210314,0.027202076,0.541762107,0.004385965,0.019123019,0.027202076,-0.541762119,0.323777403,0.324009237,0.009698433,-0.023904289,0.00955593,0.019123019,0.009698433,-0.986457181,,1.083524226,0.962552892
ah,N1,2,1000,2,96,96,0,577,576,1,0.5,0.48792786,0.02854483,0.422918613,0,0.01207214,0.02854483,-0.422918613,0.499133449,0.49408504,0.008466899,0.596252415,0.000866551,0.01207214,0.008466899,-1.323458453,,0.845837225,1.919710868
ah,N1,2,600,3,407,392,15,587,576,11,0.321048321,0.316474979,0.018664497,0.245028948,0.012285012,0.016858354,0.018664497,-0.245028963,0.327086882,0.324727854,0.01131159,0.208549682,0.006246451,0.016858354,0.01131159,-0.938144287,,0.490057911,1.146693969
ah,N1,2,400,4,401,363,38,298,281,17,0.226309227,0.228754538,0.01783754,-0.13708789,0.023690773,0.021245462,0.01783754,0.13708789,0.235738255,0.238310867,0.007644151,-0.336546488,0.014261745,0.021245462,0.007644151,-0.913602703,,-0.27417578,0.577056215
ah,N1,2,300,4,324,299,25,0,0,0,0.230709877,0.238958255,0.005894483,-1.399338739,0.019290123,0.011041745,0.005894483,1.399338739,nan,,,#VALUE!,nan,0.011041745,,#VALUE!,,-2.798677477,#VALUE!
ah,N1,2,200,4,0,0,0,0,0,0,nan,0.224669657,0.010383513,#VALUE!,nan,0.025330343,0.010383513,#VALUE!,nan,,,#VALUE!,nan,0.025330343,,#VALUE!,,#VALUE!,#VALUE!
ah,N1,3,800,3,379,378,1,589,576,13,0.332453826,0.315310058,0.026377836,0.649930814,0.000879507,0.018023276,0.026377836,-0.649930831,0.325976231,0.323369091,0.012796305,0.203741625,0.007357102,0.018023276,0.012796305,-0.83353545,,1.299861645,1.037277074
ah,N1,3,1000,2,96,96,0,578,576,2,0.5,0.49002853,0.024312701,0.410134182,0,0.00997147,0.024312701,-0.410134182,0.498269896,0.49096793,0.015792427,0.462371403,0.001730104,0.00997147,0.015792427,-0.521855562,,0.820268365,0.984226965
ah,N1,3,600,3,408,392,16,590,576,14,0.320261438,0.316088136,0.021844726,0.191043927,0.013071895,0.017245198,0.021844726,-0.191043948,0.325423729,0.32502129,0.012458215,0.032303123,0.007909605,0.017245198,0.012458215,-0.749352343,,0.382087875,0.781655466
ah,N1,3,400,4,388,352,36,290,275,15,0.226804124,0.232462863,0.015970833,-0.354317109,0.023195876,0.017537137,0.015970833,0.354317109,0.237068966,0.235356553,0.017633731,0.097110082,0.012931034,0.017537137,0.017633731,-0.261209751,,-0.708634217,0.358319834
ah,N1,3,300,4,340,297,43,0,0,0,0.218382353,0.232670234,0.00795279,-1.796587287,0.031617647,0.017329766,0.00795279,1.796587287,nan,,,#VALUE!,nan,0.017329766,,#VALUE!,,-3.593174575,#VALUE!
ah,N1,3,200,4,0,0,0,0,0,0,nan,0.222136936,0.018191821,#VALUE!,nan,0.027863064,0.018191821,#VALUE!,nan,,,#VALUE!,nan,0.027863064,,#VALUE!,,#VALUE!,#VALUE!
ll,N7,1,800,3,396,396,0,582,576,6,0.333333333,0.319251574,0.020895117,0.673925854,0,0.01408176,0.020895117,-0.673925882,0.329896907,0.331298397,0.001562822,-0.896768603,0.003436426,0.01408176,0.001562822,-6.811610681,,1.347851736,5.914842078
ll,N7,1,1000,2,132,132,0,578,575,3,0.5,0.49932467,0.001013239,0.666506244,0,0.00067533,0.001013239,-0.666506244,0.497404844,0.49935121,0.000924659,-2.104954343,0.002595156,0.00067533,0.000924659,2.076252479,,1.333012488,-4.181206822
ll,N7,1,600,3,445,440,5,578,576,2,0.329588015,0.322724036,0.013569623,0.505834144,0.003745318,0.010609297,0.013569623,-0.505834171,0.332179931,0.331633166,0.001395258,0.391873527,0.001153403,0.010609297,0.001395258,-6.777166676,,1.011668315,7.169040202
ll,N7,1,400,4,535,527,8,336,331,5,0.246261682,0.239128891,0.010226602,0.697474221,0.003738318,0.010871109,0.010226602,-0.697474221,0.246279762,0.244313304,0.007402995,0.265630107,0.003720238,0.010871109,0.007402995,-0.965942986,,1.394948443,1.231573093
ll,N7,1,300,4,432,424,8,0,0,0,0.24537037,0.234246775,0.010382578,1.071371119,0.00462963,0.015753225,0.010382578,-1.071371119,nan,,,#VALUE!,nan,0.015753225,,#VALUE!,,2.142742238,#VALUE!
ll,N7,1,200,4,96,86,10,0,0,0,0.223958333,0.220175594,0.007131577,0.530421108,0.026041667,0.029824406,0.007131577,-0.530421108,nan,,,#VALUE!,nan,0.029824406,,#VALUE!,,1.060842216,#VALUE!
ll,N7,2,800,3,398,396,2,594,576,18,0.331658291,0.314210314,0.027202076,0.641420787,0.001675042,0.019123019,0.027202076,-0.6414208,0.323232323,0.324009237,0.009698433,-0.080107181,0.01010101,0.019123019,0.009698433,-0.93025429,,1.282841588,0.850147108
ll,N7,2,1000,2,133,132,1,601,575,26,0.496240602,0.48792786,0.02854483,0.291217077,0.003759398,0.01207214,0.02854483,-0.291217077,0.478369384,0.49408504,0.008466899,-1.856128899,0.021630616,0.01207214,0.008466899,1.128922861,,0.582434155,-2.985051759
ll,N7,2,600,3,445,440,5,591,576,15,0.329588015,0.316474979,0.018664497,0.702565742,0.003745318,0.016858354,0.018664497,-0.70256576,0.324873096,0.324727854,0.01131159,0.012840145,0.008460237,0.016858354,0.01131159,-0.742434748,,1.405131502,0.755274893
ll,N7,2,400,4,542,527,15,318,312,6,0.243081181,0.228754538,0.01783754,0.803173708,0.006918819,0.021245462,0.01783754,-0.803173708,0.245283019,0.238310867,0.007644151,0.912089713,0.004716981,0.021245462,0.007644151,-2.162238904,,1.606347417,3.074328617
ll,N7,2,300,4,404,398,6,0,0,0,0.246287129,0.238958255,0.005894483,1.243344674,0.003712871,0.011041745,0.005894483,-1.243344674,nan,,,#VALUE!,nan,0.011041745,,#VALUE!,,2.486689349,#VALUE!
ll,N7,2,200,4,118,105,13,0,0,0,0.222457627,0.224669657,0.010383513,-0.213032926,0.027542373,0.025330343,0.010383513,0.213032926,nan,,,#VALUE!,nan,0.025330343,,#VALUE!,,-0.426065853,#VALUE!
ll,N7,3,800,3,398,396,2,600,576,24,0.331658291,0.315310058,0.026377836,0.619771592,0.001675042,0.018023276,0.026377836,-0.619771609,0.32,0.323369091,0.012796305,-0.263286243,0.013333333,0.018023276,0.012796305,-0.366507579,,1.239543201,0.103221335
ll,N7,3,1000,2,132,132,0,604,576,28,0.5,0.49002853,0.024312701,0.410134182,0,0.00997147,0.024312701,-0.410134182,0.476821192,0.49096793,0.015792427,-0.895792506,0.023178808,0.00997147,0.015792427,0.836308347,,0.820268365,-1.732100852
ll,N7,3,600,3,444,440,4,591,576,15,0.33033033,0.316088136,0.021844726,0.651974049,0.003003003,0.017245198,0.021844726,-0.65197407,0.324873096,0.32502129,0.012458215,-0.011895263,0.008460237,0.017245198,0.012458215,-0.705154037,,1.303948119,0.693258774
ll,N7,3,400,4,537,528,9,383,367,16,0.245810056,0.232462863,0.015970833,0.835723,0.004189944,0.017537137,0.015970833,-0.835723,0.239556136,0.235356553,0.017633731,0.238156237,0.010443864,0.017537137,0.017633731,-0.402255906,,1.671446,0.640412143
ll,N7,3,300,4,432,414,18,0,0,0,0.239583333,0.232670234,0.00795279,0.869267194,0.010416667,0.017329766,0.00795279,-0.869267194,nan,,,#VALUE!,nan,0.017329766,,#VALUE!,,1.738534388,#VALUE!
ll,N7,3,200,4,103,98,5,0,0,0,0.237864078,0.222136936,0.018191821,0.864517188,0.012135922,0.027863064,0.018191821,-0.864517188,nan,,,#VALUE!,nan,0.027863064,,#VALUE!,,1.729034376,#VALUE!
it,N6,1,800,3,578,575,3,578,576,2,0.33160323,0.319251574,0.020895117,0.591126461,0.001730104,0.01408176,0.020895117,-0.59112644,0.332179931,0.331298397,0.001562822,0.564065658,0.001153403,0.01408176,0.001562822,-8.272444508,,1.182252901,8.836510165
it,N6,1,1000,2,576,576,0,576,576,0,0.5,0.49932467,0.001013239,0.666506244,0,0.00067533,0.001013239,-0.666506244,0.5,0.49935121,0.000924659,0.701653611,0,0.00067533,0.000924659,-0.730355475,,1.333012488,1.432009086
it,N6,1,600,3,576,572,4,579,576,3,0.331018519,0.322724036,0.013569623,0.611253728,0.002314815,0.010609297,0.013569623,-0.611253681,0.331606218,0.331633166,0.001395258,-0.01931428,0.001727116,0.010609297,0.001395258,-6.365978834,,1.222507409,6.346664554
it,N6,1,400,4,221,219,2,410,402,8,0.247737557,0.239128891,0.010226602,0.841791464,0.002262443,0.010871109,0.010226602,-0.841791464,0.245121951,0.244313304,0.007402995,0.109232463,0.004878049,0.010871109,0.007402995,-0.809545343,,1.683582928,0.918777806
it,N6,1,300,4,0,0,0,0,0,0,nan,0.234246775,0.010382578,#VALUE!,nan,0.015753225,0.010382578,#VALUE!,nan,,,#VALUE!,nan,0.015753225,,#VALUE!,,#VALUE!,#VALUE!
it,N6,1,200,4,0,0,0,0,0,0,nan,0.220175594,0.007131577,#VALUE!,nan,0.029824406,0.007131577,#VALUE!,nan,,,#VALUE!,nan,0.029824406,,#VALUE!,,#VALUE!,#VALUE!
it,N6,2,800,3,583,575,8,583,576,7,0.328759291,0.314210314,0.027202076,0.534848039,0.004574042,0.019123019,0.027202076,-0.534848052,0.329331046,0.324009237,0.009698433,0.548728718,0.004002287,0.019123019,0.009698433,-1.559090178,,1.069696091,2.107818896
it,N6,2,1000,2,576,576,0,576,576,0,0.5,0.48792786,0.02854483,0.422918613,0,0.01207214,0.02854483,-0.422918613,0.5,0.49408504,0.008466899,0.698598149,0,0.01207214,0.008466899,-1.425804187,,0.845837225,2.124402336
it,N6,2,600,3,590,576,14,580,576,4,0.325423729,0.316474979,0.018664497,0.479453056,0.007909605,0.016858354,0.018664497,-0.479453019,0.331034483,0.324727854,0.01131159,0.557536966,0.002298851,0.016858354,0.01131159,-1.287131485,,0.958906075,1.844668451
it,N6,2,400,4,226,204,22,430,415,15,0.225663717,0.228754538,0.01783754,-0.173276176,0.024336283,0.021245462,0.01783754,0.173276176,0.24127907,0.238310867,0.007644151,0.388297227,0.00872093,0.021245462,0.007644151,-1.638446418,,-0.346552351,2.026743644
it,N6,2,300,4,0,0,0,0,0,0,nan,0.238958255,0.005894483,#VALUE!,nan,0.011041745,0.005894483,#VALUE!,nan,,,#VALUE!,nan,0.011041745,,#VALUE!,,#VALUE!,#VALUE!
it,N6,2,200,4,0,0,0,0,0,0,nan,0.224669657,0.010383513,#VALUE!,nan,0.025330343,0.010383513,#VALUE!,nan,,,#VALUE!,nan,0.025330343,,#VALUE!,,#VALUE!,#VALUE!
it,N6,3,800,3,598,576,22,586,576,10,0.321070234,0.315310058,0.026377836,0.218371831,0.012263099,0.018023276,0.026377836,-0.218371847,0.327645051,0.323369091,0.012796305,0.334155835,0.005688282,0.018023276,0.012796305,-0.963949661,,0.436743677,1.298105496
it,N6,3,1000,2,576,576,0,576,576,0,0.5,0.49002853,0.024312701,0.410134182,0,0.00997147,0.024312701,-0.410134182,0.5,0.49096793,0.015792427,0.571924167,0,0.00997147,0.015792427,-0.631408326,,0.820268365,1.203332493
it,N6,3,600,3,590,576,14,579,576,3,0.325423729,0.316088136,0.021844726,0.427361431,0.007909605,0.017245198,0.021844726,-0.427361406,0.331606218,0.32502129,0.012458215,0.528561134,0.001727116,0.017245198,0.012458215,-1.245610355,,0.854722836,1.774171489
it,N6,3,400,4,243,224,19,441,428,13,0.230452675,0.232462863,0.015970833,-0.125866221,0.019547325,0.017537137,0.015970833,0.125866221,0.242630385,0.235356553,0.017633731,0.412495345,0.007369615,0.017537137,0.017633731,-0.576595014,,-0.251732443,0.989090359
it,N6,3,300,4,0,0,0,0,0,0,nan,0.232670234,0.00795279,#VALUE!,nan,0.017329766,0.00795279,#VALUE!,nan,,,#VALUE!,nan,0.017329766,,#VALUE!,,#VALUE!,#VALUE!
it,N6,3,200,4,0,0,0,0,0,0,nan,0.222136936,0.018191821,#VALUE!,nan,0.027863064,0.018191821,#VALUE!,nan,,,#VALUE!,nan,0.027863064,,#VALUE!,,#VALUE!,#VALUE!
sm,N9,1,800,3,397,396,1,579,576,3,0.332493703,0.319251574,0.020895117,0.633742782,0.000839631,0.01408176,0.020895117,-0.633742761,0.331606218,0.331298397,0.001562822,0.196965003,0.001727116,0.01408176,0.001562822,-7.905343801,,1.267485542,8.102308803
sm,N9,1,1000,2,0,0,0,577,576,1,nan,0.49932467,0.001013239,#VALUE!,nan,0.00067533,0.001013239,#VALUE!,0.499133449,0.49935121,0.000924659,-0.235503512,0.000866551,0.00067533,0.000924659,0.206801647,,#VALUE!,-0.442305159
sm,N9,1,600,3,553,516,37,576,576,0,0.311030741,0.322724036,0.013569623,-0.861725891,0.022302592,0.010609297,0.013569623,0.861725867,0.333333333,0.331633166,0.001395258,1.21853222,0,0.010609297,0.001395258,-7.603826155,,-1.723451757,8.822358375
sm,N9,1,400,4,451,439,12,334,332,2,0.243348115,0.239128891,0.010226602,0.41257343,0.006651885,0.010871109,0.010226602,-0.41257343,0.248502994,0.244313304,0.007402995,0.56594531,0.001497006,0.010871109,0.007402995,-1.266258189,,0.82514686,1.8322035
sm,N9,1,300,4,426,405,21,0,0,0,0.237676056,0.234246775,0.010382578,0.330291818,0.012323944,0.015753225,0.010382578,-0.330291818,nan,,,#VALUE!,nan,0.015753225,,#VALUE!,,0.660583635,#VALUE!
sm,N9,1,200,4,39,33,6,0,0,0,0.211538462,0.220175594,0.007131577,-1.211111083,0.038461538,0.029824406,0.007131577,1.211111083,nan,,,#VALUE!,nan,0.029824406,,#VALUE!,,-2.422222166,#VALUE!
sm,N9,2,800,3,399,396,3,613,576,37,0.330827068,0.314210314,0.027202076,0.610863451,0.002506266,0.019123019,0.027202076,-0.610863427,0.313213703,0.324009237,0.009698433,-1.113121456,0.02011963,0.019123019,0.009698433,0.102759967,,1.221726877,-1.215881423
sm,N9,2,1000,2,0,0,0,593,576,17,nan,0.48792786,0.02854483,#VALUE!,nan,0.01207214,0.02854483,#VALUE!,0.485666105,0.49408504,0.008466899,-0.994335111,0.014333895,0.01207214,0.008466899,0.267129073,,#VALUE!,-1.261464183
sm,N9,2,600,3,408,396,12,593,576,17,0.323529412,0.316474979,0.018664497,0.37795999,0.009803922,0.016858354,0.018664497,-0.377959953,0.323777403,0.324727854,0.01131159,-0.084024489,0.00955593,0.016858354,0.01131159,-0.645570114,,0.755919943,0.561545625
sm,N9,2,400,4,550,528,22,478,459,19,0.24,0.228754538,0.01783754,0.630437951,0.01,0.021245462,0.01783754,-0.630437951,0.240062762,0.238310867,0.007644151,0.229181066,0.009937238,0.021245462,0.007644151,-1.479330257,,1.260875903,1.708511323
sm,N9,2,300,4,504,472,32,0,0,0,0.234126984,0.238958255,0.005894483,-0.819625963,0.015873016,0.011041745,0.005894483,0.819625963,nan,,,#VALUE!,nan,0.011041745,,#VALUE!,,-1.639251926,#VALUE!
sm,N9,2,200,4,13,11,2,0,0,0,0.211538462,0.224669657,0.010383513,-1.264619663,0.038461538,0.025330343,0.010383513,1.264619663,nan,,,#VALUE!,nan,0.025330343,,#VALUE!,,-2.529239326,#VALUE!
sm,N9,3,800,3,397,396,1,589,576,13,0.332493703,0.315310058,0.026377836,0.651442575,0.000839631,0.018023276,0.026377836,-0.651442555,0.325976231,0.323369091,0.012796305,0.203741625,0.007357102,0.018023276,0.012796305,-0.83353545,,1.30288513,1.037277074
sm,N9,3,1000,2,0,0,0,610,576,34,nan,0.49002853,0.024312701,#VALUE!,nan,0.00997147,0.024312701,#VALUE!,0.472131148,0.49096793,0.015792427,-1.192773083,0.027868852,0.00997147,0.015792427,1.133288924,,#VALUE!,-2.326062006
sm,N9,3,600,3,410,396,14,592,576,16,0.32195122,0.316088136,0.021844726,0.268398161,0.011382114,0.017245198,0.021844726,-0.268398136,0.324324324,0.32502129,0.012458215,-0.055944271,0.009009009,0.017245198,0.012458215,-0.66110503,,0.536796296,0.60516076
sm,N9,3,400,4,562,526,36,447,432,15,0.233985765,0.232462863,0.015970833,0.095355174,0.016014235,0.017537137,0.015970833,-0.095355174,0.241610738,0.235356553,0.017633731,0.354671679,0.008389262,0.017537137,0.017633731,-0.518771348,,0.190710349,0.873443027
sm,N9,3,300,4,484,452,32,0,0,0,0.233471074,0.232670234,0.00795279,0.100699277,0.016528926,0.017329766,0.00795279,-0.100699277,nan,,,#VALUE!,nan,0.017329766,,#VALUE!,,0.201398553,#VALUE!
sm,N9,3,200,4,18,15,3,0,0,0,0.208333333,0.222136936,0.018191821,-0.758780715,0.041666667,0.027863064,0.018191821,0.758780715,nan,,,#VALUE!,nan,0.027863064,,#VALUE!,,-1.51756143,#VALUE!
sr,N10,1,800,3,576,575,1,578,576,2,0.33275463,0.319251574,0.020895117,0.646230245,0.000578704,0.01408176,0.020895117,-0.646230224,0.332179931,0.331298397,0.001562822,0.564065658,0.001153403,0.01408176,0.001562822,-8.272444508,,1.292460469,8.836510165
sr,N10,1,1000,2,189,189,0,576,576,0,0.5,0.49932467,0.001013239,0.666506244,0,0.00067533,0.001013239,-0.666506244,0.5,0.49935121,0.000924659,0.701653611,0,0.00067533,0.000924659,-0.730355475,,1.333012488,1.432009086
sr,N10,1,600,3,579,575,4,576,576,0,0.331030512,0.322724036,0.013569623,0.61213754,0.002302821,0.010609297,0.013569623,-0.612137567,0.333333333,0.331633166,0.001395258,1.21853222,0,0.010609297,0.001395258,-7.603826155,,1.224275108,8.822358375
sr,N10,1,400,4,408,393,15,384,383,1,0.240808824,0.239128891,0.010226602,0.164270915,0.009191176,0.010871109,0.010226602,-0.164270915,0.249348958,0.244313304,0.007402995,0.680218517,0.000651042,0.010871109,0.007402995,-1.380531396,,0.328541829,2.060749914
sr,N10,1,300,4,68,60,8,0,0,0,0.220588235,0.234246775,0.010382578,-1.315524879,0.029411765,0.015753225,0.010382578,1.315524879,nan,,,#VALUE!,nan,0.015753225,,#VALUE!,,-2.631049758,#VALUE!
sr,N10,1,200,4,0,0,0,0,0,0,nan,0.220175594,0.007131577,#VALUE!,nan,0.029824406,0.007131577,#VALUE!,nan,,,#VALUE!,nan,0.029824406,,#VALUE!,,#VALUE!,#VALUE!
sr,N10,2,800,3,577,576,1,580,576,4,0.332755633,0.314210314,0.027202076,0.681761164,0.000577701,0.019123019,0.027202076,-0.681761141,0.331034483,0.324009237,0.009698433,0.724369149,0.002298851,0.019123019,0.009698433,-1.734730503,,1.363522305,2.459099652
sr,N10,2,1000,2,192,192,0,577,576,1,0.5,0.48792786,0.02854483,0.422918613,0,0.01207214,0.02854483,-0.422918613,0.499133449,0.49408504,0.008466899,0.596252415,0.000866551,0.01207214,0.008466899,-1.323458453,,0.845837225,1.919710868
sr,N10,2,600,3,581,576,5,579,576,3,0.330464716,0.316474979,0.018664497,0.749537327,0.002868617,0.016858354,0.018664497,-0.749537345,0.331606218,0.324727854,0.01131159,0.608081144,0.001727116,0.016858354,0.01131159,-1.337675663,,1.499074673,1.945756806
sr,N10,2,400,4,477,460,17,406,395,11,0.241090147,0.228754538,0.01783754,0.691553273,0.008909853,0.021245462,0.01783754,-0.691553273,0.243226601,0.238310867,0.007644151,0.643071227,0.006773399,0.021245462,0.007644151,-1.893220418,,1.383106546,2.536291645
sr,N10,2,300,4,132,127,5,0,0,0,0.240530303,0.238958255,0.005894483,0.266698178,0.009469697,0.011041745,0.005894483,-0.266698178,nan,,,#VALUE!,nan,0.011041745,,#VALUE!,,0.533396357,#VALUE!
sr,N10,2,200,4,0,0,0,0,0,0,nan,0.224669657,0.010383513,#VALUE!,nan,0.025330343,0.010383513,#VALUE!,nan,,,#VALUE!,nan,0.025330343,,#VALUE!,,#VALUE!,#VALUE!
sr,N10,3,800,3,580,576,4,582,575,7,0.331034483,0.315310058,0.026377836,0.596122646,0.002298851,0.018023276,0.026377836,-0.596122626,0.32932417,0.323369091,0.012796305,0.465374887,0.004009164,0.018023276,0.012796305,-1.095168635,,1.192245272,1.560543522
sr,N10,3,1000,2,192,192,0,577,576,1,0.5,0.49002853,0.024312701,0.410134182,0,0.00997147,0.024312701,-0.410134182,0.499133449,0.49096793,0.015792427,0.517052866,0.000866551,0.00997147,0.015792427,-0.576537025,,0.820268365,1.093589891
sr,N10,3,600,3,581,576,5,579,576,3,0.330464716,0.316088136,0.021844726,0.658125923,0.002868617,0.017245198,0.021844726,-0.658125944,0.331606218,0.32502129,0.012458215,0.528561134,0.001727116,0.017245198,0.012458215,-1.245610355,,1.316251867,1.774171489
sr,N10,3,400,4,458,448,10,400,392,8,0.244541485,0.232462863,0.015970833,0.756292516,0.005458515,0.017537137,0.015970833,-0.756292516,0.245,0.235356553,0.017633731,0.546875015,0.005,0.017537137,0.017633731,-0.710974684,,1.512585032,1.257849699
sr,N10,3,300,4,172,158,14,0,0,0,0.229651163,0.232670234,0.00795279,-0.379624126,0.020348837,0.017329766,0.00795279,0.379624126,nan,,,#VALUE!,nan,0.017329766,,#VALUE!,,-0.759248253,#VALUE!
sr,N10,3,200,4,0,0,0,0,0,0,nan,0.222136936,0.018191821,#VALUE!,nan,0.027863064,0.018191821,#VALUE!,nan,,,#VALUE!,nan,0.027863064,,#VALUE!,,#VALUE!,#VALUE!
ez,N5,1,800,3,397,396,1,576,576,0,0.332493703,0.319251574,0.020895117,0.633742782,0.000839631,0.01408176,0.020895117,-0.633742761,0.333333333,0.331298397,0.001562822,1.30209082,0,0.01408176,0.001562822,-9.010470413,,1.267485542,10.31256123
ez,N5,1,1000,2,132,132,0,576,576,0,0.5,0.49932467,0.001013239,0.666506244,0,0.00067533,0.001013239,-0.666506244,0.5,0.49935121,0.000924659,0.701653611,0,0.00067533,0.000924659,-0.730355475,,1.333012488,1.432009086
ez,N5,1,600,3,447,440,7,578,576,2,0.328113348,0.322724036,0.013569623,0.397160012,0.005219985,0.010609297,0.013569623,-0.397160038,0.332179931,0.331633166,0.001395258,0.391873527,0.001153403,0.010609297,0.001395258,-6.777166676,,0.79432005,7.169040202
ez,N5,1,400,4,539,528,11,197,195,2,0.244897959,0.239128891,0.010226602,0.564123672,0.005102041,0.010871109,0.010226602,-0.564123672,0.247461929,0.244313304,0.007402995,0.42531777,0.002538071,0.010871109,0.007402995,-1.125630649,,1.128247343,1.550948419
ez,N5,1,300,4,364,351,13,0,0,0,0.241071429,0.234246775,0.010382578,0.657317807,0.008928571,0.015753225,0.010382578,-0.657317807,nan,,,#VALUE!,nan,0.015753225,,#VALUE!,,1.314635615,#VALUE!
ez,N5,1,200,4,71,65,6,0,0,0,0.228873239,0.220175594,0.007131577,1.219596303,0.021126761,0.029824406,0.007131577,-1.219596303,nan,,,#VALUE!,nan,0.029824406,,#VALUE!,,2.439192606,#VALUE!
ez,N5,2,800,3,397,396,1,579,576,3,0.332493703,0.314210314,0.027202076,0.67213212,0.000839631,0.019123019,0.027202076,-0.672132096,0.331606218,0.324009237,0.009698433,0.783320424,0.001727116,0.019123019,0.009698433,-1.793681776,,1.344264216,2.5770022
ez,N5,2,1000,2,132,132,0,576,576,0,0.5,0.48792786,0.02854483,0.422918613,0,0.01207214,0.02854483,-0.422918613,0.5,0.49408504,0.008466899,0.698598149,0,0.01207214,0.008466899,-1.425804187,,0.845837225,2.124402336
ez,N5,2,600,3,448,440,8,579,576,3,0.327380952,0.316474979,0.018664497,0.584316478,0.005952381,0.016858354,0.018664497,-0.584316495,0.331606218,0.324727854,0.01131159,0.608081144,0.001727116,0.016858354,0.01131159,-1.337675663,,1.168632974,1.945756806
ez,N5,2,400,4,548,528,20,240,230,10,0.240875912,0.228754538,0.01783754,0.679542928,0.009124088,0.021245462,0.01783754,-0.679542928,0.239583333,0.238310867,0.007644151,0.166462658,0.010416667,0.021245462,0.007644151,-1.416611849,,1.359085857,1.583074507
ez,N5,2,300,4,375,366,9,0,0,0,0.244,0.238958255,0.005894483,0.855332856,0.006,0.011041745,0.005894483,-0.855332856,nan,,,#VALUE!,nan,0.011041745,,#VALUE!,,1.710665712,#VALUE!
ez,N5,2,200,4,70,64,6,0,0,0,0.228571429,0.224669657,0.010383513,0.375766043,0.021428571,0.025330343,0.010383513,-0.375766043,nan,,,#VALUE!,nan,0.025330343,,#VALUE!,,0.751532085,#VALUE!
ez,N5,3,800,3,399,396,3,579,576,3,0.330827068,0.315310058,0.026377836,0.588259416,0.002506266,0.018023276,0.026377836,-0.588259395,0.331606218,0.323369091,0.012796305,0.643711369,0.001727116,0.018023276,0.012796305,-1.273505119,,1.176518811,1.917216487
ez,N5,3,1000,2,132,132,0,576,576,0,0.5,0.49002853,0.024312701,0.410134182,0,0.00997147,0.024312701,-0.410134182,0.5,0.49096793,0.015792427,0.571924167,0,0.00997147,0.015792427,-0.631408326,,0.820268365,1.203332493
ez,N5,3,600,3,448,439,9,579,576,3,0.326636905,0.316088136,0.021844726,0.482897766,0.006696429,0.017245198,0.021844726,-0.482897741,0.331606218,0.32502129,0.012458215,0.528561134,0.001727116,0.017245198,0.012458215,-1.245610355,,0.965795507,1.774171489
ez,N5,3,400,4,549,528,21,198,191,7,0.240437158,0.232462863,0.015970833,0.499303606,0.009562842,0.017537137,0.015970833,-0.499303606,0.241161616,0.235356553,0.017633731,0.329202197,0.008838384,0.017537137,0.017633731,-0.493301866,,0.998607212,0.822504063
ez,N5,3,300,4,411,387,24,0,0,0,0.23540146,0.232670234,0.00795279,0.343429951,0.01459854,0.017329766,0.00795279,-0.343429951,nan,,,#VALUE!,nan,0.017329766,,#VALUE!,,0.686859901,#VALUE!
ez,N5,3,200,4,41,39,2,0,0,0,0.237804878,0.222136936,0.018191821,0.861262979,0.012195122,0.027863064,0.018191821,-0.861262979,nan,,,#VALUE!,nan,0.027863064,,#VALUE!,,1.722525957,#VALUE!
sh,N8,1,800,3,600,573,27,582,576,6,0.318333333,0.319251574,0.020895117,-0.043945222,0.015,0.01408176,0.020895117,0.043945201,0.329896907,0.331298397,0.001562822,-0.896768603,0.003436426,0.01408176,0.001562822,-6.811610681,,-0.087890423,5.914842078
sh,N8,1,1000,2,578,576,2,576,576,0,0.498269896,0.49932467,0.001013239,-1.040992629,0.001730104,0.00067533,0.001013239,1.040992629,0.5,0.49935121,0.000924659,0.701653611,0,0.00067533,0.000924659,-0.730355475,,-2.081985258,1.432009086
sh,N8,1,600,3,521,504,17,578,576,2,0.322456814,0.322724036,0.013569623,-0.019692692,0.01087652,0.010609297,0.013569623,0.01969274,0.332179931,0.331633166,0.001395258,0.391873527,0.001153403,0.010609297,0.001395258,-6.777166676,,-0.039385431,7.169040202
sh,N8,1,400,4,20,20,0,139,137,2,0.25,0.239128891,0.010226602,1.063022622,0,0.010871109,0.010226602,-1.063022622,0.246402878,0.244313304,0.007402995,0.282260673,0.003597122,0.010871109,0.007402995,-0.982573552,,2.126045244,1.264834225
sh,N8,1,300,4,0,0,0,0,0,0,nan,0.234246775,0.010382578,#VALUE!,nan,0.015753225,0.010382578,#VALUE!,nan,,,#VALUE!,nan,0.015753225,,#VALUE!,,#VALUE!,#VALUE!
sh,N8,1,200,4,0,0,0,0,0,0,nan,0.220175594,0.007131577,#VALUE!,nan,0.029824406,0.007131577,#VALUE!,nan,,,#VALUE!,nan,0.029824406,,#VALUE!,,#VALUE!,#VALUE!
sh,N8,2,800,3,602,575,27,591,576,15,0.318383167,0.314210314,0.027202076,0.153402005,0.014950166,0.019123019,0.027202076,-0.153402017,0.324873096,0.324009237,0.009698433,0.089072,0.008460237,0.019123019,0.009698433,-1.099433468,,0.306804022,1.188505468
sh,N8,2,1000,2,591,576,15,579,575,4,0.487309645,0.48792786,0.02854483,-0.021657683,0.012690355,0.01207214,0.02854483,0.021657683,0.496545769,0.49408504,0.008466899,0.290629307,0.003454231,0.01207214,0.008466899,-1.017835345,,-0.043315366,1.308464652
sh,N8,2,600,3,533,511,22,590,576,14,0.319574734,0.316474979,0.018664497,0.166077609,0.013758599,0.016858354,0.018664497,-0.166077624,0.325423729,0.324727854,0.01131159,0.061518802,0.007909605,0.016858354,0.01131159,-0.791113317,,0.332155234,0.852632119
sh,N8,2,400,4,21,20,1,184,181,3,0.238095238,0.228754538,0.01783754,0.523654057,0.011904762,0.021245462,0.01783754,-0.523654057,0.245923913,0.238310867,0.007644151,0.995930806,0.004076087,0.021245462,0.007644151,-2.246079998,,1.047308114,3.242010804
sh,N8,2,300,4,0,0,0,0,0,0,nan,0.238958255,0.005894483,#VALUE!,nan,0.011041745,0.005894483,#VALUE!,nan,,,#VALUE!,nan,0.011041745,,#VALUE!,,#VALUE!,#VALUE!
sh,N8,2,200,4,0,0,0,0,0,0,nan,0.224669657,0.010383513,#VALUE!,nan,0.025330343,0.010383513,#VALUE!,nan,,,#VALUE!,nan,0.025330343,,#VALUE!,,#VALUE!,#VALUE!
sh,N8,3,800,3,588,575,13,593,576,17,0.325963719,0.315310058,0.026377836,0.403886861,0.007369615,0.018023276,0.026377836,-0.403886839,0.323777403,0.323369091,0.012796305,0.031908582,0.00955593,0.018023276,0.012796305,-0.661702406,,0.8077737,0.693610989
sh,N8,3,1000,2,591,576,15,580,576,4,0.487309645,0.49002853,0.024312701,-0.111829833,0.012690355,0.00997147,0.024312701,0.111829833,0.496551724,0.49096793,0.015792427,0.353574191,0.003448276,0.00997147,0.015792427,-0.41305835,,-0.223659665,0.766632541
sh,N8,3,600,3,546,515,31,578,566,12,0.314407814,0.316088136,0.021844726,-0.07692117,0.018925519,0.017245198,0.021844726,0.07692115,0.326412918,0.32502129,0.012458215,0.111703663,0.006920415,0.017245198,0.012458215,-0.828752964,,-0.15384232,0.940456627
sh,N8,3,400,4,56,50,6,162,159,3,0.223214286,0.232462863,0.015970833,-0.579091732,0.026785714,0.017537137,0.015970833,0.579091732,0.24537037,0.235356553,0.017633731,0.567878511,0.00462963,0.017537137,0.017633731,-0.73197818,,-1.158183464,1.299856691
sh,N8,3,300,4,0,0,0,0,0,0,nan,0.232670234,0.00795279,#VALUE!,nan,0.017329766,0.00795279,#VALUE!,nan,,,#VALUE!,nan,0.017329766,,#VALUE!,,#VALUE!,#VALUE!
sh,N8,3,200,4,0,0,0,0,0,0,nan,0.222136936,0.018191821,#VALUE!,nan,0.027863064,0.018191821,#VALUE!,nan,,,#VALUE!,nan,0.027863064,,#VALUE!,,#VALUE!,#VALUE!
dd,N3,1,800,3,458,456,2,578,576,2,0.331877729,0.319251574,0.020895117,0.604263454,0.001455604,0.01408176,0.020895117,-0.604263481,0.332179931,0.331298397,0.001562822,0.564065658,0.001153403,0.01408176,0.001562822,-8.272444508,,1.208526934,8.836510165
dd,N3,1,1000,2,0,0,0,576,576,0,nan,0.49932467,0.001013239,#VALUE!,nan,0.00067533,0.001013239,#VALUE!,0.5,0.49935121,0.000924659,0.701653611,0,0.00067533,0.000924659,-0.730355475,,#VALUE!,1.432009086
dd,N3,1,600,3,456,456,0,578,576,2,0.333333333,0.322724036,0.013569623,0.781841666,0,0.010609297,0.013569623,-0.781841694,0.332179931,0.331633166,0.001395258,0.391873527,0.001153403,0.010609297,0.001395258,-6.777166676,,1.56368336,7.169040202
dd,N3,1,400,4,621,608,13,394,389,5,0.244766506,0.239128891,0.010226602,0.551269646,0.005233494,0.010871109,0.010226602,-0.551269646,0.246827411,0.244313304,0.007402995,0.339606786,0.003172589,0.010871109,0.007402995,-1.039919665,,1.102539293,1.379526452
dd,N3,1,300,4,412,398,14,0,0,0,0.241504854,0.234246775,0.010382578,0.699063218,0.008495146,0.015753225,0.010382578,-0.699063218,nan,,,#VALUE!,nan,0.015753225,,#VALUE!,,1.398126435,#VALUE!
dd,N3,1,200,4,84,72,12,0,0,0,0.214285714,0.220175594,0.007131577,-0.825887453,0.035714286,0.029824406,0.007131577,0.825887453,nan,,,#VALUE!,nan,0.029824406,,#VALUE!,,-1.651774905,#VALUE!
dd,N3,2,800,3,456,456,0,599,576,23,0.333333333,0.314210314,0.027202076,0.702998514,0,0.019123019,0.027202076,-0.702998527,0.320534224,0.324009237,0.009698433,-0.358306652,0.01279911,0.019123019,0.009698433,-0.652054721,,1.405997041,0.293748069
dd,N3,2,1000,2,0,0,0,587,576,11,nan,0.48792786,0.02854483,#VALUE!,nan,0.01207214,0.02854483,#VALUE!,0.490630324,0.49408504,0.008466899,-0.408026124,0.009369676,0.01207214,0.008466899,-0.319179914,,#VALUE!,-0.08884621
dd,N3,2,600,3,464,456,8,583,576,7,0.327586207,0.316474979,0.018664497,0.59531356,0.005747126,0.016858354,0.018664497,-0.595313577,0.329331046,0.324727854,0.01131159,0.406944783,0.004002287,0.016858354,0.01131159,-1.136539389,,1.190627138,1.543484172
dd,N3,2,400,4,616,608,8,543,527,16,0.246753247,0.228754538,0.01783754,1.009035389,0.003246753,0.021245462,0.01783754,-1.009035389,0.242633517,0.238310867,0.007644151,0.565484589,0.007366483,0.021245462,0.007644151,-1.81563378,,2.018070779,2.381118369
dd,N3,2,300,4,399,380,19,0,0,0,0.238095238,0.238958255,0.005894483,-0.146411007,0.011904762,0.011041745,0.005894483,0.146411007,nan,,,#VALUE!,nan,0.011041745,,#VALUE!,,-0.292822014,#VALUE!
dd,N3,2,200,4,72,68,4,0,0,0,0.236111111,0.224669657,0.010383513,1.101886547,0.013888889,0.025330343,0.010383513,-1.101886547,nan,,,#VALUE!,nan,0.025330343,,#VALUE!,,2.203773093,#VALUE!
dd,N3,3,800,3,456,456,0,588,576,12,0.333333333,0.315310058,0.026377836,0.683273466,0,0.018023276,0.026377836,-0.683273483,0.326530612,0.323369091,0.012796305,0.247065147,0.006802721,0.018023276,0.012796305,-0.876858972,,1.366546949,1.123924119
dd,N3,3,1000,2,0,0,0,589,576,13,nan,0.49002853,0.024312701,#VALUE!,nan,0.00997147,0.024312701,#VALUE!,0.488964346,0.49096793,0.015792427,-0.126869894,0.011035654,0.00997147,0.015792427,0.067385735,,#VALUE!,-0.194255628
dd,N3,3,600,3,460,456,4,585,576,9,0.330434783,0.316088136,0.021844726,0.656755661,0.002898551,0.017245198,0.021844726,-0.656755636,0.328205128,0.32502129,0.012458215,0.255561351,0.005128205,0.017245198,0.012458215,-0.972610651,,1.313511297,1.228172002
dd,N3,3,400,4,628,608,20,498,491,7,0.242038217,0.232462863,0.015970833,0.59955254,0.007961783,0.017537137,0.015970833,-0.59955254,0.246485944,0.235356553,0.017633731,0.631142149,0.003514056,0.017537137,0.017633731,-0.795241818,,1.199105081,1.426383967
dd,N3,3,300,4,406,389,17,0,0,0,0.23953202,0.232670234,0.00795279,0.862814993,0.01046798,0.017329766,0.00795279,-0.862814993,nan,,,#VALUE!,nan,0.017329766,,#VALUE!,,1.725629985,#VALUE!
dd,N3,3,200,4,88,72,16,0,0,0,0.204545455,0.222136936,0.018191821,-0.966999452,0.045454545,0.027863064,0.018191821,0.966999452,nan,,,#VALUE!,nan,0.027863064,,#VALUE!,,-1.933998903,#VALUE!
dl,N4,1,800,3,593,571,22,579,576,3,0.320966835,0.319251574,0.020895117,0.082089106,0.012366498,0.01408176,0.020895117,-0.082089128,0.331606218,0.331298397,0.001562822,0.196965003,0.001727116,0.01408176,0.001562822,-7.905343801,,0.164178233,8.102308803
dl,N4,1,1000,2,577,574,3,577,576,1,0.497400347,0.49932467,0.001013239,-1.899180309,0.002599653,0.00067533,0.001013239,1.899180309,0.499133449,0.49935121,0.000924659,-0.235503512,0.000866551,0.00067533,0.000924659,0.206801647,,-3.798360617,-0.442305159
dl,N4,1,600,3,510,493,17,579,576,3,0.322222222,0.322724036,0.013569623,-0.036980718,0.011111111,0.010609297,0.013569623,0.036980692,0.331606218,0.331633166,0.001395258,-0.01931428,0.001727116,0.010609297,0.001395258,-6.365978834,,-0.07396141,6.346664554
dl,N4,1,400,4,42,37,5,286,271,15,0.220238095,0.239128891,0.010226602,-1.847221174,0.029761905,0.010871109,0.010226602,1.847221174,0.236888112,0.244313304,0.007402995,-1.002998304,0.013111888,0.010871109,0.007402995,0.302685425,,-3.694442348,-1.305683728
dl,N4,1,300,4,0,0,0,0,0,0,nan,0.234246775,0.010382578,#VALUE!,nan,0.015753225,0.010382578,#VALUE!,nan,,,#VALUE!,nan,0.015753225,,#VALUE!,,#VALUE!,#VALUE!
dl,N4,1,200,4,0,0,0,0,0,0,nan,0.220175594,0.007131577,#VALUE!,nan,0.029824406,0.007131577,#VALUE!,nan,,,#VALUE!,nan,0.029824406,,#VALUE!,,#VALUE!,#VALUE!
dl,N4,2,800,3,613,573,40,583,576,7,0.311582382,0.314210314,0.027202076,-0.096607774,0.021750952,0.019123019,0.027202076,0.0966078,0.329331046,0.324009237,0.009698433,0.548728718,0.004002287,0.019123019,0.009698433,-1.559090178,,-0.193215573,2.107818896
dl,N4,2,1000,2,587,576,11,578,576,2,0.490630324,0.48792786,0.02854483,0.094674379,0.009369676,0.01207214,0.02854483,-0.094674379,0.498269896,0.49408504,0.008466899,0.494260765,0.001730104,0.01207214,0.008466899,-1.221466803,,0.189348759,1.715727569
dl,N4,2,600,3,537,504,33,589,576,13,0.312849162,0.316474979,0.018664497,-0.194262779,0.020484171,0.016858354,0.018664497,0.194262766,0.325976231,0.324727854,0.01131159,0.110362688,0.007357102,0.016858354,0.01131159,-0.839957292,,-0.388525544,0.95031998
dl,N4,2,400,4,22,16,6,268,245,23,0.181818182,0.228754538,0.01783754,-2.631324463,0.068181818,0.021245462,0.01783754,2.631324463,0.228544776,0.238310867,0.007644151,-1.277590006,0.021455224,0.021245462,0.007644151,0.027440814,,-5.262648927,-1.30503082
dl,N4,2,300,4,0,0,0,0,0,0,nan,0.238958255,0.005894483,#VALUE!,nan,0.011041745,0.005894483,#VALUE!,nan,,,#VALUE!,nan,0.011041745,,#VALUE!,,#VALUE!,#VALUE!
dl,N4,2,200,4,0,0,0,0,0,0,nan,0.224669657,0.010383513,#VALUE!,nan,0.025330343,0.010383513,#VALUE!,nan,,,#VALUE!,nan,0.025330343,,#VALUE!,,#VALUE!,#VALUE!
dl,N4,3,800,3,604,576,28,588,576,12,0.317880795,0.315310058,0.026377836,0.097458234,0.015452539,0.018023276,0.026377836,-0.097458212,0.326530612,0.323369091,0.012796305,0.247065147,0.006802721,0.018023276,0.012796305,-0.876858972,,0.194916446,1.123924119
dl,N4,3,1000,2,578,576,2,577,576,1,0.498269896,0.49002853,0.024312701,0.33897368,0.001730104,0.00997147,0.024312701,-0.33897368,0.499133449,0.49096793,0.015792427,0.517052866,0.000866551,0.00997147,0.015792427,-0.576537025,,0.677947361,1.093589891
dl,N4,3,600,3,585,543,42,583,576,7,0.309401709,0.316088136,0.021844726,-0.306088847,0.023931624,0.017245198,0.021844726,0.306088827,0.329331046,0.32502129,0.012458215,0.345936898,0.004002287,0.017245198,0.012458215,-1.062986199,,-0.612177674,1.408923097
dl,N4,3,400,4,6,6,0,312,286,26,0.25,0.232462863,0.015970833,1.098072745,0,0.017537137,0.015970833,-1.098072745,0.229166667,0.235356553,0.017633731,-0.351025303,0.020833333,0.017537137,0.017633731,0.186925634,,2.196145489,-0.537950938
dl,N4,3,300,4,0,0,0,0,0,0,nan,0.232670234,0.00795279,#VALUE!,nan,0.017329766,0.00795279,#VALUE!,nan,,,#VALUE!,nan,0.017329766,,#VALUE!,,#VALUE!,#VALUE!
dl,N4,3,200,4,0,0,0,0,0,0,nan,0.222136936,0.018191821,#VALUE!,nan,0.027863064,0.018191821,#VALUE!,nan,,,#VALUE!,nan,0.027863064,,#VALUE!,,#VALUE!,#VALUE!
aj,N2,1,800,3,635,595,40,584,576,8,0.312335958,0.319251574,0.020895117,-0.330968025,0.020997375,0.01408176,0.020895117,0.330968007,0.328767123,0.331298397,0.001562822,-1.61968136,0.00456621,0.01408176,0.001562822,-6.088697823,,-0.661936032,4.469016462
aj,N2,1,1000,2,576,576,0,577,576,1,0.5,0.49932467,0.001013239,0.666506244,0,0.00067533,0.001013239,-0.666506244,0.499133449,0.49935121,0.000924659,-0.235503512,0.000866551,0.00067533,0.000924659,0.206801647,,1.333012488,-0.442305159
aj,N2,1,600,3,550,533,17,578,576,2,0.323030303,0.322724036,0.013569623,0.022570016,0.01030303,0.010609297,0.013569623,-0.022570041,0.332179931,0.331633166,0.001395258,0.391873527,0.001153403,0.010609297,0.001395258,-6.777166676,,0.045140057,7.169040202
aj,N2,1,400,4,187,181,6,273,266,7,0.24197861,0.239128891,0.010226602,0.278657492,0.00802139,0.010871109,0.010226602,-0.278657492,0.243589744,0.244313304,0.007402995,-0.097738764,0.006410256,0.010871109,0.007402995,-0.602574115,,0.557314984,0.504835351
aj,N2,1,300,4,0,0,0,0,0,0,nan,0.234246775,0.010382578,#VALUE!,nan,0.015753225,0.010382578,#VALUE!,nan,,,#VALUE!,nan,0.015753225,,#VALUE!,,#VALUE!,#VALUE!
aj,N2,1,200,4,0,0,0,0,0,0,nan,0.220175594,0.007131577,#VALUE!,nan,0.029824406,0.007131577,#VALUE!,nan,,,#VALUE!,nan,0.029824406,,#VALUE!,,#VALUE!,#VALUE!
aj,N2,2,800,3,602,576,26,587,576,11,0.318936877,0.314210314,0.027202076,0.173757437,0.014396456,0.019123019,0.027202076,-0.173757448,0.327086882,0.324009237,0.009698433,0.31733423,0.006246451,0.019123019,0.009698433,-1.327695694,,0.347514885,1.645029924
aj,N2,2,1000,2,577,576,1,577,576,1,0.499133449,0.48792786,0.02854483,0.392561067,0.000866551,0.01207214,0.02854483,-0.392561067,0.499133449,0.49408504,0.008466899,0.596252415,0.000866551,0.01207214,0.008466899,-1.323458453,,0.785122134,1.919710868
aj,N2,2,600,3,604,576,28,581,576,5,0.317880795,0.316474979,0.018664497,0.075320327,0.015452539,0.016858354,0.018664497,-0.075320288,0.330464716,0.324727854,0.01131159,0.50716677,0.002868617,0.016858354,0.01131159,-1.236761376,,0.150640615,1.743928146
aj,N2,2,400,4,186,162,24,321,306,15,0.217741935,0.228754538,0.01783754,-0.617383487,0.032258065,0.021245462,0.01783754,0.617383487,0.238317757,0.238310867,0.007644151,0.000901308,0.011682243,0.021245462,0.007644151,-1.251050499,,-1.234766975,1.251951808
aj,N2,2,300,4,0,0,0,0,0,0,nan,0.238958255,0.005894483,#VALUE!,nan,0.011041745,0.005894483,#VALUE!,nan,,,#VALUE!,nan,0.011041745,,#VALUE!,,#VALUE!,#VALUE!
aj,N2,2,200,4,0,0,0,0,0,0,nan,0.224669657,0.010383513,#VALUE!,nan,0.025330343,0.010383513,#VALUE!,nan,,,#VALUE!,nan,0.025330343,,#VALUE!,,#VALUE!,#VALUE!
aj,N2,3,800,3,611,576,35,588,576,12,0.314238953,0.315310058,0.026377836,-0.040606239,0.019094381,0.018023276,0.026377836,0.040606262,0.326530612,0.323369091,0.012796305,0.247065147,0.006802721,0.018023276,0.012796305,-0.876858972,,-0.0812125,1.123924119
aj,N2,3,1000,2,578,576,2,576,576,0,0.498269896,0.49002853,0.024312701,0.33897368,0.001730104,0.00997147,0.024312701,-0.33897368,0.5,0.49096793,0.015792427,0.571924167,0,0.00997147,0.015792427,-0.631408326,,0.677947361,1.203332493
aj,N2,3,600,3,595,570,25,582,576,6,0.319327731,0.316088136,0.021844726,0.148301023,0.014005602,0.017245198,0.021844726,-0.148301044,0.329896907,0.32502129,0.012458215,0.39135761,0.003436426,0.017245198,0.012458215,-1.108406911,,0.296602067,1.499764521
aj,N2,3,400,4,161,151,10,327,303,24,0.23447205,0.232462863,0.015970833,0.125803492,0.01552795,0.017537137,0.015970833,-0.125803492,0.231651376,0.235356553,0.017633731,-0.210118711,0.018348624,0.017537137,0.017633731,0.046019042,,0.251606984,-0.256137752
aj,N2,3,300,4,0,0,0,0,0,0,nan,0.232670234,0.00795279,#VALUE!,nan,0.017329766,0.00795279,#VALUE!,nan,,,#VALUE!,nan,0.017329766,,#VALUE!,,#VALUE!,#VALUE!
aj,N2,3,200,4,0,0,0,0,0,0,nan,0.222136936,0.018191821,#VALUE!,nan,0.027863064,0.018191821,#VALUE!,nan,,,#VALUE!,nan,0.027863064,,#VALUE!,,#VALUE!,#VALUE!
kp,AS3,1,800,3,585,576,9,583,576,7,0.328205128,0.319251574,0.020895117,0.428499851,0.005128205,0.01408176,0.020895117,-0.428499877,0.329331046,0.331298397,0.001562822,-1.258845014,0.004002287,0.01408176,0.001562822,-6.44953422,,0.856999728,5.190689206
kp,AS3,1,1000,2,577,576,1,577,576,1,0.499133449,0.49932467,0.001013239,-0.188722607,0.000866551,0.00067533,0.001013239,0.188722607,0.499133449,0.49935121,0.000924659,-0.235503512,0.000866551,0.00067533,0.000924659,0.206801647,,-0.377445214,-0.442305159
kp,AS3,1,600,3,547,539,8,583,576,7,0.328458257,0.322724036,0.013569623,0.422577741,0.004875076,0.010609297,0.013569623,-0.422577768,0.329331046,0.331633166,0.001395258,-1.649960587,0.004002287,0.010609297,0.001395258,-4.735333105,,0.845155508,3.085372518
kp,AS3,1,400,4,109,104,5,363,359,4,0.23853211,0.239128891,0.010226602,-0.058355721,0.01146789,0.010871109,0.010226602,0.058355721,0.247245179,0.244313304,0.007402995,0.39603908,0.002754821,0.010871109,0.007402995,-1.096351959,,-0.116711443,1.49239104
kp,AS3,1,300,4,0,0,0,0,0,0,nan,0.234246775,0.010382578,#VALUE!,nan,0.015753225,0.010382578,#VALUE!,nan,,,#VALUE!,nan,0.015753225,,#VALUE!,,#VALUE!,#VALUE!
kp,AS3,1,200,4,0,0,0,0,0,0,nan,0.220175594,0.007131577,#VALUE!,nan,0.029824406,0.007131577,#VALUE!,nan,,,#VALUE!,nan,0.029824406,,#VALUE!,,#VALUE!,#VALUE!
kp,AS3,2,800,3,598,576,22,611,576,35,0.321070234,0.314210314,0.027202076,0.252183694,0.012263099,0.019123019,0.027202076,-0.252183705,0.314238953,0.324009237,0.009698433,-1.007408505,0.019094381,0.019123019,0.009698433,-0.002952879,,0.504367399,-1.004455626
kp,AS3,2,1000,2,583,576,7,612,576,36,0.493996569,0.48792786,0.02854483,0.212602738,0.006003431,0.01207214,0.02854483,-0.212602738,0.470588235,0.49408504,0.008466899,-2.775137022,0.029411765,0.01207214,0.008466899,2.047930984,,0.425205476,-4.823068006
kp,AS3,2,600,3,581,561,20,600,575,25,0.321858864,0.316474979,0.018664497,0.288455943,0.011474469,0.016858354,0.018664497,-0.288455958,0.319444444,0.324727854,0.01131159,-0.46707931,0.013888889,0.016858354,0.01131159,-0.262515291,,0.576911901,-0.204564019
kp,AS3,2,400,4,175,163,12,426,410,16,0.232857143,0.228754538,0.01783754,0.229998376,0.017142857,0.021245462,0.01783754,-0.229998376,0.240610329,0.238310867,0.007644151,0.300813217,0.009389671,0.021245462,0.007644151,-1.550962409,,0.459996752,1.851775626
kp,AS3,2,300,4,0,0,0,0,0,0,nan,0.238958255,0.005894483,#VALUE!,nan,0.011041745,0.005894483,#VALUE!,nan,,,#VALUE!,nan,0.011041745,,#VALUE!,,#VALUE!,#VALUE!
kp,AS3,2,200,4,0,0,0,0,0,0,nan,0.224669657,0.010383513,#VALUE!,nan,0.025330343,0.010383513,#VALUE!,nan,,,#VALUE!,nan,0.025330343,,#VALUE!,,#VALUE!,#VALUE!
kp,AS3,3,800,3,593,576,17,605,575,30,0.323777403,0.315310058,0.026377836,0.321002275,0.00955593,0.018023276,0.026377836,-0.321002291,0.316804408,0.323369091,0.012796305,-0.51301396,0.016528926,0.018023276,0.012796305,-0.116779783,,0.642004566,-0.396234177
kp,AS3,3,1000,2,591,576,15,623,576,47,0.487309645,0.49002853,0.024312701,-0.111829833,0.012690355,0.00997147,0.024312701,0.111829833,0.462279294,0.49096793,0.015792427,-1.816607163,0.037720706,0.00997147,0.015792427,1.757123004,,-0.223659665,-3.573730167
kp,AS3,3,600,3,600,576,24,614,576,38,0.32,0.316088136,0.021844726,0.179075912,0.013333333,0.017245198,0.021844726,-0.179075933,0.312703583,0.32502129,0.012458215,-0.988721639,0.02062975,0.017245198,0.012458215,0.271672338,,0.358151845,-1.260393977
kp,AS3,3,400,4,228,215,13,397,374,23,0.235745614,0.232462863,0.015970833,0.205546608,0.014254386,0.017537137,0.015970833,-0.205546608,0.235516373,0.235356553,0.017633731,0.009063317,0.014483627,0.017537137,0.017633731,-0.173162986,,0.411093216,0.182226304
kp,AS3,3,300,4,0,0,0,0,0,0,nan,0.232670234,0.00795279,#VALUE!,nan,0.017329766,0.00795279,#VALUE!,nan,,,#VALUE!,nan,0.017329766,,#VALUE!,,#VALUE!,#VALUE!
kp,AS3,3,200,4,0,0,0,0,0,0,nan,0.222136936,0.018191821,#VALUE!,nan,0.027863064,0.018191821,#VALUE!,nan,,,#VALUE!,nan,0.027863064,,#VALUE!,,#VALUE!,#VALUE!
mg,AMS1,1,800,3,597,574,23,578,576,2,0.320491346,0.319251574,0.020895117,0.059333119,0.012841988,0.01408176,0.020895117,-0.059333093,0.332179931,0.331298397,0.001562822,0.564065658,0.001153403,0.01408176,0.001562822,-8.272444508,,0.118666212,8.836510165
mg,AMS1,1,1000,2,575,575,0,576,576,0,0.5,0.49932467,0.001013239,0.666506244,0,0.00067533,0.001013239,-0.666506244,0.5,0.49935121,0.000924659,0.701653611,0,0.00067533,0.000924659,-0.730355475,,1.333012488,1.432009086
mg,AMS1,1,600,3,488,484,4,582,576,6,0.330601093,0.322724036,0.013569623,0.58049193,0.00273224,0.010609297,0.013569623,-0.580491957,0.329896907,0.331633166,0.001395258,-1.244400414,0.003436426,0.010609297,0.001395258,-5.140893312,,1.160983887,3.896492898
mg,AMS1,1,400,4,62,60,2,219,214,5,0.241935484,0.239128891,0.010226602,0.274440451,0.008064516,0.010871109,0.010226602,-0.274440451,0.244292237,0.244313304,0.007402995,-0.002845686,0.005707763,0.010871109,0.007402995,-0.697467193,,0.548880902,0.694621507
mg,AMS1,1,300,4,0,0,0,0,0,0,nan,0.234246775,0.010382578,#VALUE!,nan,0.015753225,0.010382578,#VALUE!,nan,,,#VALUE!,nan,0.015753225,,#VALUE!,,#VALUE!,#VALUE!
mg,AMS1,1,200,4,0,0,0,0,0,0,nan,0.220175594,0.007131577,#VALUE!,nan,0.029824406,0.007131577,#VALUE!,nan,,,#VALUE!,nan,0.029824406,,#VALUE!,,#VALUE!,#VALUE!
mg,AMS1,2,800,3,582,576,6,576,576,0,0.329896907,0.314210314,0.027202076,0.576668965,0.003436426,0.019123019,0.027202076,-0.576668977,0.333333333,0.324009237,0.009698433,0.96140228,0,0.019123019,0.009698433,-1.971763733,,1.153337942,2.933166013
mg,AMS1,2,1000,2,574,574,0,576,576,0,0.5,0.48792786,0.02854483,0.422918613,0,0.01207214,0.02854483,-0.422918613,0.5,0.49408504,0.008466899,0.698598149,0,0.01207214,0.008466899,-1.425804187,,0.845837225,2.124402336
mg,AMS1,2,600,3,565,554,11,579,576,3,0.326843658,0.316474979,0.018664497,0.555529525,0.006489676,0.016858354,0.018664497,-0.555529488,0.331606218,0.324727854,0.01131159,0.608081144,0.001727116,0.016858354,0.01131159,-1.337675663,,1.111059013,1.945756806
mg,AMS1,2,400,4,90,86,4,229,222,7,0.238888889,0.228754538,0.01783754,0.568147356,0.011111111,0.021245462,0.01783754,-0.568147356,0.242358079,0.238310867,0.007644151,0.529452073,0.007641921,0.021245462,0.007644151,-1.779601264,,1.136294711,2.309053338
mg,AMS1,2,300,4,0,0,0,0,0,0,nan,0.238958255,0.005894483,#VALUE!,nan,0.011041745,0.005894483,#VALUE!,nan,,,#VALUE!,nan,0.011041745,,#VALUE!,,#VALUE!,#VALUE!
mg,AMS1,2,200,4,0,0,0,0,0,0,nan,0.224669657,0.010383513,#VALUE!,nan,0.025330343,0.010383513,#VALUE!,nan,,,#VALUE!,nan,0.025330343,,#VALUE!,,#VALUE!,#VALUE!
mg,AMS1,3,800,3,587,576,11,577,576,1,0.327086882,0.315310058,0.026377836,0.446466662,0.006246451,0.018023276,0.026377836,-0.446466678,0.332755633,0.323369091,0.012796305,0.733535346,0.000577701,0.018023276,0.012796305,-1.363329096,,0.89293334,2.096864442
mg,AMS1,3,1000,2,576,576,0,576,576,0,0.5,0.49002853,0.024312701,0.410134182,0,0.00997147,0.024312701,-0.410134182,0.5,0.49096793,0.015792427,0.571924167,0,0.00997147,0.015792427,-0.631408326,,0.820268365,1.203332493
mg,AMS1,3,600,3,568,558,10,577,576,1,0.327464789,0.316088136,0.021844726,0.520796342,0.005868545,0.017245198,0.021844726,-0.520796317,0.332755633,0.32502129,0.012458215,0.620822747,0.000577701,0.017245198,0.012458215,-1.337871967,,1.041592659,1.958694714
mg,AMS1,3,400,4,104,99,5,234,228,6,0.237980769,0.232462863,0.015970833,0.345498919,0.012019231,0.017537137,0.015970833,-0.345498919,0.243589744,0.235356553,0.017633731,0.46690011,0.006410256,0.017537137,0.017633731,-0.630999778,,0.690997837,1.097899888
mg,AMS1,3,300,4,0,0,0,0,0,0,nan,0.232670234,0.00795279,#VALUE!,nan,0.017329766,0.00795279,#VALUE!,nan,,,#VALUE!,nan,0.017329766,,#VALUE!,,#VALUE!,#VALUE!
mg,AMS1,3,200,4,0,0,0,0,0,0,nan,0.222136936,0.018191821,#VALUE!,nan,0.027863064,0.018191821,#VALUE!,nan,,,#VALUE!,nan,0.027863064,,#VALUE!,,#VALUE!,#VALUE!
bb,AS1,1,800,3,463,421,42,581,576,5,0.303095752,0.319251574,0.020895117,-0.773186467,0.030237581,0.01408176,0.020895117,0.773186452,0.330464716,0.331298397,0.001562822,-0.533445729,0.002868617,0.01408176,0.001562822,-7.174933606,,-1.54637292,6.641487877
bb,AS1,1,1000,2,258,258,0,576,576,0,0.5,0.49932467,0.001013239,0.666506244,0,0.00067533,0.001013239,-0.666506244,0.5,0.49935121,0.000924659,0.701653611,0,0.00067533,0.000924659,-0.730355475,,1.333012488,1.432009086
bb,AS1,1,600,3,317,302,15,546,542,4,0.317560463,0.322724036,0.013569623,-0.380524457,0.015772871,0.010609297,0.013569623,0.380524506,0.330891331,0.331633166,0.001395258,-0.531683387,0.002442002,0.010609297,0.001395258,-5.8536104,,-0.761048963,5.321927013
bb,AS1,1,400,4,308,286,22,141,141,0,0.232142857,0.239128891,0.010226602,-0.683123656,0.017857143,0.010871109,0.010226602,0.683123656,0.25,0.244313304,0.007402995,0.768161571,0,0.010871109,0.007402995,-1.46847445,,-1.366247311,2.23663602
bb,AS1,1,300,4,65,57,8,0,0,0,0.219230769,0.234246775,0.010382578,-1.446269472,0.030769231,0.015753225,0.010382578,1.446269472,nan,,,#VALUE!,nan,0.015753225,,#VALUE!,,-2.892538944,#VALUE!
bb,AS1,1,200,4,0,0,0,0,0,0,nan,0.220175594,0.007131577,#VALUE!,nan,0.029824406,0.007131577,#VALUE!,nan,,,#VALUE!,nan,0.029824406,,#VALUE!,,#VALUE!,#VALUE!
bb,AS1,2,800,3,474,412,62,609,576,33,0.289732771,0.314210314,0.027202076,-0.89984099,0.043600563,0.019123019,0.027202076,0.899841019,0.315270936,0.324009237,0.009698433,-0.901001318,0.018062397,0.019123019,0.009698433,-0.109360167,,-1.799682009,-0.791641151
bb,AS1,2,1000,2,293,256,37,585,569,16,0.436860068,0.48792786,0.02854483,-1.78903819,0.063139932,0.01207214,0.02854483,1.78903819,0.486324786,0.49408504,0.008466899,-0.916540278,0.013675214,0.01207214,0.008466899,0.189334239,,-3.578076381,-1.105874517
bb,AS1,2,600,3,340,277,63,614,561,53,0.271568627,0.316474979,0.018664497,-2.405977115,0.061764706,0.016858354,0.018664497,2.405977113,0.304560261,0.324727854,0.01131159,-1.782914068,0.028773073,0.016858354,0.01131159,1.053319563,,-4.811954228,-2.836233631
bb,AS1,2,400,4,240,177,63,58,50,8,0.184375,0.228754538,0.01783754,-2.487985304,0.065625,0.021245462,0.01783754,2.487985304,0.215517241,0.238310867,0.007644151,-2.981838724,0.034482759,0.021245462,0.007644151,1.731689532,,-4.975970609,-4.713528256
bb,AS1,2,300,4,0,0,0,0,0,0,nan,0.238958255,0.005894483,#VALUE!,nan,0.011041745,0.005894483,#VALUE!,nan,,,#VALUE!,nan,0.011041745,,#VALUE!,,#VALUE!,#VALUE!
bb,AS1,2,200,4,0,0,0,0,0,0,nan,0.224669657,0.010383513,#VALUE!,nan,0.025330343,0.010383513,#VALUE!,nan,,,#VALUE!,nan,0.025330343,,#VALUE!,,#VALUE!,#VALUE!
bb,AS1,3,800,3,489,425,64,619,576,43,0.289706885,0.315310058,0.026377836,-0.970632044,0.043626449,0.018023276,0.026377836,0.97063207,0.310177706,0.323369091,0.012796305,-1.030874549,0.023155627,0.018023276,0.012796305,0.401080731,,-1.941264114,-1.43195528
bb,AS1,3,1000,2,282,256,26,584,576,8,0.453900709,0.49002853,0.024312701,-1.485964943,0.046099291,0.00997147,0.024312701,1.485964943,0.493150685,0.49096793,0.015792427,0.138215332,0.006849315,0.00997147,0.015792427,-0.197699491,,-2.971929886,0.335914823
bb,AS1,3,600,3,375,291,84,587,551,36,0.258666667,0.316088136,0.021844726,-2.628619379,0.074666667,0.017245198,0.021844726,2.628619406,0.312890403,0.32502129,0.012458215,-0.973725911,0.02044293,0.017245198,0.012458215,0.256676611,,-5.257238785,-1.230402522
bb,AS1,3,400,4,279,199,80,18,12,6,0.178315412,0.232462863,0.015970833,-3.390396165,0.071684588,0.017537137,0.015970833,3.390396165,0.166666667,0.235356553,0.017633731,-3.89536874,0.083333333,0.017537137,0.017633731,3.731269071,,-6.78079233,-7.626637811
bb,AS1,3,300,4,0,0,0,0,0,0,nan,0.232670234,0.00795279,#VALUE!,nan,0.017329766,0.00795279,#VALUE!,nan,,,#VALUE!,nan,0.017329766,,#VALUE!,,#VALUE!,#VALUE!
bb,AS1,3,200,4,0,0,0,0,0,0,nan,0.222136936,0.018191821,#VALUE!,nan,0.027863064,0.018191821,#VALUE!,nan,,,#VALUE!,nan,0.027863064,,#VALUE!,,#VALUE!,#VALUE!
co,AA2,1,800,3,580,576,4,576,576,0,0.331034483,0.319251574,0.020895117,0.563907326,0.002298851,0.01408176,0.020895117,-0.563907305,0.333333333,0.331298397,0.001562822,1.30209082,0,0.01408176,0.001562822,-9.010470413,,1.127814631,10.31256123
co,AA2,1,1000,2,574,570,4,576,576,0,0.496515679,0.49932467,0.001013239,-2.772289447,0.003484321,0.00067533,0.001013239,2.772289447,0.5,0.49935121,0.000924659,0.701653611,0,0.00067533,0.000924659,-0.730355475,,-5.544578894,1.432009086
co,AA2,1,600,3,582,576,6,576,576,0,0.329896907,0.322724036,0.013569623,0.528597636,0.003436426,0.010609297,0.013569623,-0.528597663,0.333333333,0.331633166,0.001395258,1.21853222,0,0.010609297,0.001395258,-7.603826155,,1.057195299,8.822358375
co,AA2,1,400,4,191,184,7,245,244,1,0.240837696,0.239128891,0.010226602,0.16709414,0.009162304,0.010871109,0.010226602,-0.16709414,0.248979592,0.244313304,0.007402995,0.630324388,0.001020408,0.010871109,0.007402995,-1.330637267,,0.33418828,1.960961655
co,AA2,1,300,4,0,0,0,0,0,0,nan,0.234246775,0.010382578,#VALUE!,nan,0.015753225,0.010382578,#VALUE!,nan,,,#VALUE!,nan,0.015753225,,#VALUE!,,#VALUE!,#VALUE!
co,AA2,1,200,4,0,0,0,0,0,0,nan,0.220175594,0.007131577,#VALUE!,nan,0.029824406,0.007131577,#VALUE!,nan,,,#VALUE!,nan,0.029824406,,#VALUE!,,#VALUE!,#VALUE!
co,AA2,2,800,3,585,576,9,581,576,5,0.328205128,0.314210314,0.027202076,0.514475954,0.005128205,0.019123019,0.027202076,-0.514475967,0.330464716,0.324009237,0.009698433,0.665620794,0.002868617,0.019123019,0.009698433,-1.675982252,,1.028951921,2.341603046
co,AA2,2,1000,2,579,576,3,576,576,0,0.497409326,0.48792786,0.02854483,0.332160533,0.002590674,0.01207214,0.02854483,-0.332160533,0.5,0.49408504,0.008466899,0.698598149,0,0.01207214,0.008466899,-1.425804187,,0.664321066,2.124402336
co,AA2,2,600,3,588,576,12,543,533,10,0.326530612,0.316474979,0.018664497,0.538757254,0.006802721,0.016858354,0.018664497,-0.53875727,0.327194598,0.324727854,0.01131159,0.218072304,0.006138735,0.016858354,0.01131159,-0.947666909,,1.077514524,1.165739214
co,AA2,2,400,4,171,154,17,207,202,5,0.225146199,0.228754538,0.01783754,-0.202289032,0.024853801,0.021245462,0.01783754,0.202289032,0.243961353,0.238310867,0.007644151,0.739190727,0.006038647,0.021245462,0.007644151,-1.989339919,,-0.404578065,2.728530646
co,AA2,2,300,4,0,0,0,0,0,0,nan,0.238958255,0.005894483,#VALUE!,nan,0.011041745,0.005894483,#VALUE!,nan,,,#VALUE!,nan,0.011041745,,#VALUE!,,#VALUE!,#VALUE!
co,AA2,2,200,4,0,0,0,0,0,0,nan,0.224669657,0.010383513,#VALUE!,nan,0.025330343,0.010383513,#VALUE!,nan,,,#VALUE!,nan,0.025330343,,#VALUE!,,#VALUE!,#VALUE!
co,AA2,3,800,3,594,576,18,484,480,4,0.323232323,0.315310058,0.026377836,0.300337956,0.01010101,0.018023276,0.026377836,-0.300337972,0.330578512,0.323369091,0.012796305,0.563398653,0.002754821,0.018023276,0.012796305,-1.19319248,,0.600675929,1.756591133
co,AA2,3,1000,2,577,576,1,573,566,7,0.499133449,0.49002853,0.024312701,0.374492276,0.000866551,0.00997147,0.024312701,-0.374492276,0.493891798,0.49096793,0.015792427,0.185143712,0.006108202,0.00997147,0.015792427,-0.244627871,,0.748984553,0.429771582
co,AA2,3,600,3,600,573,27,481,480,1,0.318333333,0.316088136,0.021844726,0.102779829,0.015,0.017245198,0.021844726,-0.102779849,0.332640333,0.32502129,0.012458215,0.611567809,0.000693001,0.017245198,0.012458215,-1.32861703,,0.205559678,1.940184839
co,AA2,3,400,4,156,138,18,184,183,1,0.221153846,0.232462863,0.015970833,-0.708104413,0.028846154,0.017537137,0.015970833,0.708104413,0.248641304,0.235356553,0.017633731,0.753371526,0.001358696,0.017537137,0.017633731,-0.917471195,,-1.416208826,1.670842721
co,AA2,3,300,4,0,0,0,0,0,0,nan,0.232670234,0.00795279,#VALUE!,nan,0.017329766,0.00795279,#VALUE!,nan,,,#VALUE!,nan,0.017329766,,#VALUE!,,#VALUE!,#VALUE!
co,AA2,3,200,4,0,0,0,0,0,0,nan,0.222136936,0.018191821,#VALUE!,nan,0.027863064,0.018191821,#VALUE!,nan,,,#VALUE!,nan,0.027863064,,#VALUE!,,#VALUE!,#VALUE!
ky,AA3,1,800,3,582,576,6,578,575,3,0.329896907,0.319251574,0.020895117,0.509465132,0.003436426,0.01408176,0.020895117,-0.509465158,0.33160323,0.331298397,0.001562822,0.195053077,0.001730104,0.01408176,0.001562822,-7.903431875,,1.018930291,8.098484951
ky,AA3,1,1000,2,577,576,1,576,576,0,0.499133449,0.49932467,0.001013239,-0.188722607,0.000866551,0.00067533,0.001013239,0.188722607,0.5,0.49935121,0.000924659,0.701653611,0,0.00067533,0.000924659,-0.730355475,,-0.377445214,1.432009086
ky,AA3,1,600,3,546,540,6,577,575,2,0.32967033,0.322724036,0.013569623,0.511900267,0.003663004,0.010609297,0.013569623,-0.51190022,0.332177932,0.331633166,0.001395258,0.390440817,0.001155402,0.010609297,0.001395258,-6.775733965,,1.023800487,7.166174782
ky,AA3,1,400,4,210,201,9,79,78,1,0.239285714,0.239128891,0.010226602,0.015334836,0.010714286,0.010871109,0.010226602,-0.015334836,0.246835443,0.244313304,0.007402995,0.340691753,0.003164557,0.010871109,0.007402995,-1.041004632,,0.030669672,1.381696384
ky,AA3,1,300,4,0,0,0,0,0,0,nan,0.234246775,0.010382578,#VALUE!,nan,0.015753225,0.010382578,#VALUE!,nan,,,#VALUE!,nan,0.015753225,,#VALUE!,,#VALUE!,#VALUE!
ky,AA3,1,200,4,0,0,0,0,0,0,nan,0.220175594,0.007131577,#VALUE!,nan,0.029824406,0.007131577,#VALUE!,nan,,,#VALUE!,nan,0.029824406,,#VALUE!,,#VALUE!,#VALUE!
ky,AA3,2,800,3,585,575,10,583,576,7,0.327635328,0.314210314,0.027202076,0.493529023,0.005698006,0.019123019,0.027202076,-0.493528999,0.329331046,0.324009237,0.009698433,0.548728718,0.004002287,0.019123019,0.009698433,-1.559090178,,0.987058023,2.107818896
ky,AA3,2,1000,2,576,576,0,576,576,0,0.5,0.48792786,0.02854483,0.422918613,0,0.01207214,0.02854483,-0.422918613,0.5,0.49408504,0.008466899,0.698598149,0,0.01207214,0.008466899,-1.425804187,,0.845837225,2.124402336
ky,AA3,2,600,3,576,557,19,584,576,8,0.322337963,0.316474979,0.018664497,0.314124944,0.01099537,0.016858354,0.018664497,-0.31412496,0.328767123,0.324727854,0.01131159,0.357091225,0.00456621,0.016858354,0.01131159,-1.086685831,,0.628249905,1.443777055
ky,AA3,2,400,4,182,170,12,117,107,10,0.233516484,0.228754538,0.01783754,0.266962049,0.016483516,0.021245462,0.01783754,-0.266962049,0.228632479,0.238310867,0.007644151,-1.26611679,0.021367521,0.021245462,0.007644151,0.015967598,,0.533924098,-1.282084388
ky,AA3,2,300,4,0,0,0,0,0,0,nan,0.238958255,0.005894483,#VALUE!,nan,0.011041745,0.005894483,#VALUE!,nan,,,#VALUE!,nan,0.011041745,,#VALUE!,,#VALUE!,#VALUE!
ky,AA3,2,200,4,0,0,0,0,0,0,nan,0.224669657,0.010383513,#VALUE!,nan,0.025330343,0.010383513,#VALUE!,nan,,,#VALUE!,nan,0.025330343,,#VALUE!,,#VALUE!,#VALUE!
ky,AA3,3,800,3,588,576,12,582,576,6,0.326530612,0.315310058,0.026377836,0.425378123,0.006802721,0.018023276,0.026377836,-0.42537814,0.329896907,0.323369091,0.012796305,0.510132886,0.003436426,0.018023276,0.012796305,-1.139926713,,0.850756263,1.650059598
ky,AA3,3,1000,2,577,576,1,576,576,0,0.499133449,0.49002853,0.024312701,0.374492276,0.000866551,0.00997147,0.024312701,-0.374492276,0.5,0.49096793,0.015792427,0.571924167,0,0.00997147,0.015792427,-0.631408326,,0.748984553,1.203332493
ky,AA3,3,600,3,591,576,15,580,576,4,0.324873096,0.316088136,0.021844726,0.402154751,0.008460237,0.017245198,0.021844726,-0.402154772,0.331034483,0.32502129,0.012458215,0.482668926,0.002298851,0.017245198,0.012458215,-1.199718146,,0.804309522,1.682387072
ky,AA3,3,400,4,208,187,21,139,131,8,0.224759615,0.232462863,0.015970833,-0.482332284,0.025240385,0.017537137,0.015970833,0.482332284,0.235611511,0.235356553,0.017633731,0.014458545,0.014388489,0.017537137,0.017633731,-0.178558214,,-0.964664568,0.19301676
ky,AA3,3,300,4,0,0,0,0,0,0,nan,0.232670234,0.00795279,#VALUE!,nan,0.017329766,0.00795279,#VALUE!,nan,,,#VALUE!,nan,0.017329766,,#VALUE!,,#VALUE!,#VALUE!
ky,AA3,3,200,4,0,0,0,0,0,0,nan,0.222136936,0.018191821,#VALUE!,nan,0.027863064,0.018191821,#VALUE!,nan,,,#VALUE!,nan,0.027863064,,#VALUE!,,#VALUE!,#VALUE!
tp,AS4,1,800,3,605,558,47,586,576,10,0.307438017,0.319251574,0.020895117,-0.565374037,0.025895317,0.01408176,0.020895117,0.565374068,0.327645051,0.331298397,0.001562822,-2.337659455,0.005688282,0.01408176,0.001562822,-5.370719627,,-1.130748106,3.033060173
tp,AS4,1,1000,2,577,576,1,577,576,1,0.499133449,0.49932467,0.001013239,-0.188722607,0.000866551,0.00067533,0.001013239,0.188722607,0.499133449,0.49935121,0.000924659,-0.235503512,0.000866551,0.00067533,0.000924659,0.206801647,,-0.377445214,-0.442305159
tp,AS4,1,600,3,213,197,16,585,576,9,0.30829421,0.322724036,0.013569623,-1.063391848,0.025039124,0.010609297,0.013569623,1.063391898,0.328205128,0.331633166,0.001395258,-2.456921128,0.005128205,0.010609297,0.001395258,-3.928372495,,-2.126783746,1.471451367
tp,AS4,1,400,4,0,0,0,175,151,24,nan,0.239128891,0.010226602,#VALUE!,nan,0.010871109,0.010226602,#VALUE!,0.215714286,0.244313304,0.007402995,-3.863168479,0.034285714,0.010871109,0.007402995,3.1628556,,#VALUE!,-7.026024078
tp,AS4,1,300,4,0,0,0,0,0,0,nan,0.234246775,0.010382578,#VALUE!,nan,0.015753225,0.010382578,#VALUE!,nan,,,#VALUE!,nan,0.015753225,,#VALUE!,,#VALUE!,#VALUE!
tp,AS4,1,200,4,0,0,0,0,0,0,nan,0.220175594,0.007131577,#VALUE!,nan,0.029824406,0.007131577,#VALUE!,nan,,,#VALUE!,nan,0.029824406,,#VALUE!,,#VALUE!,#VALUE!
tp,AS4,2,800,3,335,246,89,657,574,83,0.244776119,0.314210314,0.027202076,-2.55253294,0.088557214,0.019123019,0.027202076,2.552532936,0.29122273,0.324009237,0.009698433,-3.380598317,0.042110604,0.019123019,0.009698433,2.370236891,,-5.105065876,-5.750835208
tp,AS4,2,1000,2,839,654,185,593,576,17,0.389749702,0.48792786,0.02854483,-3.439437411,0.110250298,0.01207214,0.02854483,3.439437411,0.485666105,0.49408504,0.008466899,-0.994335111,0.014333895,0.01207214,0.008466899,0.267129073,,-6.878874822,-1.261464183
tp,AS4,2,600,3,0,0,0,552,471,81,nan,0.316474979,0.018664497,#VALUE!,nan,0.016858354,0.018664497,#VALUE!,0.28442029,0.324727854,0.01131159,-3.563386255,0.048913043,0.016858354,0.01131159,2.833791673,,#VALUE!,-6.397177928
tp,AS4,2,400,4,0,0,0,0,0,0,nan,0.228754538,0.01783754,#VALUE!,nan,0.021245462,0.01783754,#VALUE!,nan,0.238310867,0.007644151,#VALUE!,nan,0.021245462,0.007644151,#VALUE!,,#VALUE!,#VALUE!
tp,AS4,2,300,4,0,0,0,0,0,0,nan,0.238958255,0.005894483,#VALUE!,nan,0.011041745,0.005894483,#VALUE!,nan,,,#VALUE!,nan,0.011041745,,#VALUE!,,#VALUE!,#VALUE!
tp,AS4,2,200,4,0,0,0,0,0,0,nan,0.224669657,0.010383513,#VALUE!,nan,0.025330343,0.010383513,#VALUE!,nan,,,#VALUE!,nan,0.025330343,,#VALUE!,,#VALUE!,#VALUE!
tp,AS4,3,800,3,348,252,96,694,570,124,0.24137931,0.315310058,0.026377836,-2.802760173,0.091954023,0.018023276,0.026377836,2.802760167,0.273775216,0.323369091,0.012796305,-3.875640304,0.059558117,0.018023276,0.012796305,3.245846504,,-5.60552034,-7.121486808
tp,AS4,3,1000,2,899,725,174,651,575,76,0.403225806,0.49002853,0.024312701,-3.570262493,0.096774194,0.00997147,0.024312701,3.570262493,0.441628264,0.49096793,0.015792427,-3.124261165,0.058371736,0.00997147,0.015792427,3.064777006,,-7.140524985,-6.189038171
tp,AS4,3,600,3,3,3,0,432,360,72,0.333333333,0.316088136,0.021844726,0.789444442,0,0.017245198,0.021844726,-0.789444463,0.277777778,0.32502129,0.012458215,-3.792157365,0.055555556,0.017245198,0.012458215,3.075108145,,1.578888905,-6.86726551
tp,AS4,3,400,4,0,0,0,0,0,0,nan,0.232462863,0.015970833,#VALUE!,nan,0.017537137,0.015970833,#VALUE!,nan,0.235356553,0.017633731,#VALUE!,nan,0.017537137,0.017633731,#VALUE!,,#VALUE!,#VALUE!
tp,AS4,3,300,4,0,0,0,0,0,0,nan,0.232670234,0.00795279,#VALUE!,nan,0.017329766,0.00795279,#VALUE!,nan,,,#VALUE!,nan,0.017329766,,#VALUE!,,#VALUE!,#VALUE!
tp,AS4,3,200,4,0,0,0,0,0,0,nan,0.222136936,0.018191821,#VALUE!,nan,0.027863064,0.018191821,#VALUE!,nan,,,#VALUE!,nan,0.027863064,,#VALUE!,,#VALUE!,#VALUE!
mb,AA4,1,800,3,694,598,96,576,576,0,0.287223823,0.319251574,0.020895117,-1.532786384,0.04610951,0.01408176,0.020895117,1.532786376,0.333333333,0.331298397,0.001562822,1.30209082,0,0.01408176,0.001562822,-9.010470413,,-3.065572761,10.31256123
mb,AA4,1,1000,2,577,576,1,576,576,0,0.499133449,0.49932467,0.001013239,-0.188722607,0.000866551,0.00067533,0.001013239,0.188722607,0.5,0.49935121,0.000924659,0.701653611,0,0.00067533,0.000924659,-0.730355475,,-0.377445214,1.432009086
mb,AA4,1,600,3,442,423,19,576,576,0,0.319004525,0.322724036,0.013569623,-0.27410573,0.014328808,0.010609297,0.013569623,0.274105705,0.333333333,0.331633166,0.001395258,1.21853222,0,0.010609297,0.001395258,-7.603826155,,-0.548211435,8.822358375
mb,AA4,1,400,4,27,26,1,293,292,1,0.240740741,0.239128891,0.010226602,0.157613474,0.009259259,0.010871109,0.010226602,-0.157613474,0.249146758,0.244313304,0.007402995,0.652905248,0.000853242,0.010871109,0.007402995,-1.353218127,,0.315226947,2.006123375
mb,AA4,1,300,4,0,0,0,0,0,0,nan,0.234246775,0.010382578,#VALUE!,nan,0.015753225,0.010382578,#VALUE!,nan,,,#VALUE!,nan,0.015753225,,#VALUE!,,#VALUE!,#VALUE!
mb,AA4,1,200,4,0,0,0,0,0,0,nan,0.220175594,0.007131577,#VALUE!,nan,0.029824406,0.007131577,#VALUE!,nan,,,#VALUE!,nan,0.029824406,,#VALUE!,,#VALUE!,#VALUE!
mb,AA4,2,800,3,676,575,101,583,576,7,0.283530572,0.314210314,0.027202076,-1.12784561,0.049802761,0.019123019,0.027202076,1.127845603,0.329331046,0.324009237,0.009698433,0.548728718,0.004002287,0.019123019,0.009698433,-1.559090178,,-2.255691213,2.107818896
mb,AA4,2,1000,2,577,576,1,576,576,0,0.499133449,0.48792786,0.02854483,0.392561067,0.000866551,0.01207214,0.02854483,-0.392561067,0.5,0.49408504,0.008466899,0.698598149,0,0.01207214,0.008466899,-1.425804187,,0.785122134,2.124402336
mb,AA4,2,600,3,463,426,37,578,576,2,0.306695464,0.316474979,0.018664497,-0.523963498,0.026637869,0.016858354,0.018664497,0.523963487,0.332179931,0.324727854,0.01131159,0.658800186,0.001153403,0.016858354,0.01131159,-1.388394705,,-1.047926985,2.047194891
mb,AA4,2,400,4,18,17,1,281,276,5,0.236111111,0.228754538,0.01783754,0.412420839,0.013888889,0.021245462,0.01783754,-0.412420839,0.245551601,0.238310867,0.007644151,0.947225334,0.004448399,0.021245462,0.007644151,-2.197374525,,0.824841677,3.144599859
mb,AA4,2,300,4,0,0,0,0,0,0,nan,0.238958255,0.005894483,#VALUE!,nan,0.011041745,0.005894483,#VALUE!,nan,,,#VALUE!,nan,0.011041745,,#VALUE!,,#VALUE!,#VALUE!
mb,AA4,2,200,4,0,0,0,0,0,0,nan,0.224669657,0.010383513,#VALUE!,nan,0.025330343,0.010383513,#VALUE!,nan,,,#VALUE!,nan,0.025330343,,#VALUE!,,#VALUE!,#VALUE!
mb,AA4,3,800,3,621,576,45,582,576,6,0.309178744,0.315310058,0.026377836,-0.232441878,0.024154589,0.018023276,0.026377836,0.232441864,0.329896907,0.323369091,0.012796305,0.510132886,0.003436426,0.018023276,0.012796305,-1.139926713,,-0.464883742,1.650059598
mb,AA4,3,1000,2,576,576,0,576,576,0,0.5,0.49002853,0.024312701,0.410134182,0,0.00997147,0.024312701,-0.410134182,0.5,0.49096793,0.015792427,0.571924167,0,0.00997147,0.015792427,-0.631408326,,0.820268365,1.203332493
mb,AA4,3,600,3,545,505,40,580,576,4,0.308868502,0.316088136,0.021844726,-0.330497806,0.024464832,0.017245198,0.021844726,0.330497831,0.331034483,0.32502129,0.012458215,0.482668926,0.002298851,0.017245198,0.012458215,-1.199718146,,-0.660995637,1.682387072
mb,AA4,3,400,4,17,17,0,278,272,6,0.25,0.232462863,0.015970833,1.098072745,0,0.017537137,0.015970833,-1.098072745,0.244604317,0.235356553,0.017633731,0.524436032,0.005395683,0.017537137,0.017633731,-0.688535701,,2.196145489,1.212971733
mb,AA4,3,300,4,0,0,0,0,0,0,nan,0.232670234,0.00795279,#VALUE!,nan,0.017329766,0.00795279,#VALUE!,nan,,,#VALUE!,nan,0.017329766,,#VALUE!,,#VALUE!,#VALUE!
mb,AA4,3,200,4,0,0,0,0,0,0,nan,0.222136936,0.018191821,#VALUE!,nan,0.027863064,0.018191821,#VALUE!,nan,,,#VALUE!,nan,0.027863064,,#VALUE!,,#VALUE!,#VALUE!
jz,ASW1,1,800,3,586,574,12,581,576,5,0.326507395,0.319251574,0.020895117,0.347249624,0.006825939,0.01408176,0.020895117,-0.3472496,0.330464716,0.331298397,0.001562822,-0.533445729,0.002868617,0.01408176,0.001562822,-7.174933606,,0.694499224,6.641487877
jz,ASW1,1,1000,2,576,576,0,577,576,1,0.5,0.49932467,0.001013239,0.666506244,0,0.00067533,0.001013239,-0.666506244,0.499133449,0.49935121,0.000924659,-0.235503512,0.000866551,0.00067533,0.000924659,0.206801647,,1.333012488,-0.442305159
jz,ASW1,1,600,3,553,546,7,579,576,3,0.329113924,0.322724036,0.013569623,0.470896475,0.004219409,0.010609297,0.013569623,-0.470896502,0.331606218,0.331633166,0.001395258,-0.01931428,0.001727116,0.010609297,0.001395258,-6.365978834,,0.941792976,6.346664554
jz,ASW1,1,400,4,187,177,10,371,361,10,0.236631016,0.239128891,0.010226602,-0.24425266,0.013368984,0.010871109,0.010226602,0.24425266,0.243261456,0.244313304,0.007402995,-0.142084059,0.006738544,0.010871109,0.007402995,-0.55822882,,-0.488505319,0.416144762
jz,ASW1,1,300,4,0,0,0,0,0,0,nan,0.234246775,0.010382578,#VALUE!,nan,0.015753225,0.010382578,#VALUE!,nan,,,#VALUE!,nan,0.015753225,,#VALUE!,,#VALUE!,#VALUE!
jz,ASW1,1,200,4,0,0,0,0,0,0,nan,0.220175594,0.007131577,#VALUE!,nan,0.029824406,0.007131577,#VALUE!,nan,,,#VALUE!,nan,0.029824406,,#VALUE!,,#VALUE!,#VALUE!
jz,ASW1,2,800,3,590,575,15,581,576,5,0.324858757,0.314210314,0.027202076,0.391456998,0.008474576,0.019123019,0.027202076,-0.39145701,0.330464716,0.324009237,0.009698433,0.665620794,0.002868617,0.019123019,0.009698433,-1.675982252,,0.782914008,2.341603046
jz,ASW1,2,1000,2,581,576,5,577,576,1,0.495697074,0.48792786,0.02854483,0.272175871,0.004302926,0.01207214,0.02854483,-0.272175871,0.499133449,0.49408504,0.008466899,0.596252415,0.000866551,0.01207214,0.008466899,-1.323458453,,0.544351743,1.919710868
jz,ASW1,2,600,3,599,576,23,583,576,7,0.320534224,0.316474979,0.018664497,0.217484835,0.01279911,0.016858354,0.018664497,-0.217484797,0.329331046,0.324727854,0.01131159,0.406944783,0.004002287,0.016858354,0.01131159,-1.136539389,,0.434969632,1.543484172
jz,ASW1,2,400,4,196,189,7,394,378,16,0.241071429,0.228754538,0.01783754,0.690503913,0.008928571,0.021245462,0.01783754,-0.690503913,0.239847716,0.238310867,0.007644151,0.20104897,0.010152284,0.021245462,0.007644151,-1.451198161,,1.381007826,1.652247131
jz,ASW1,2,300,4,0,0,0,0,0,0,nan,0.238958255,0.005894483,#VALUE!,nan,0.011041745,0.005894483,#VALUE!,nan,,,#VALUE!,nan,0.011041745,,#VALUE!,,#VALUE!,#VALUE!
jz,ASW1,2,200,4,0,0,0,0,0,0,nan,0.224669657,0.010383513,#VALUE!,nan,0.025330343,0.010383513,#VALUE!,nan,,,#VALUE!,nan,0.025330343,,#VALUE!,,#VALUE!,#VALUE!
jz,ASW1,3,800,3,595,576,19,588,576,12,0.322689076,0.315310058,0.026377836,0.279743128,0.010644258,0.018023276,0.026377836,-0.279743106,0.326530612,0.323369091,0.012796305,0.247065147,0.006802721,0.018023276,0.012796305,-0.876858972,,0.559486234,1.123924119
jz,ASW1,3,1000,2,579,576,3,577,576,1,0.497409326,0.49002853,0.024312701,0.303577778,0.002590674,0.00997147,0.024312701,-0.303577778,0.499133449,0.49096793,0.015792427,0.517052866,0.000866551,0.00997147,0.015792427,-0.576537025,,0.607155555,1.093589891
jz,ASW1,3,600,3,591,575,16,583,576,7,0.324309081,0.316088136,0.021844726,0.376335475,0.009024253,0.017245198,0.021844726,-0.37633545,0.329331046,0.32502129,0.012458215,0.345936898,0.004002287,0.017245198,0.012458215,-1.062986199,,0.752670924,1.408923097
jz,ASW1,3,400,4,200,191,9,378,352,26,0.23875,0.232462863,0.015970833,0.393663657,0.01125,0.017537137,0.015970833,-0.393663657,0.232804233,0.235356553,0.017633731,-0.144740772,0.017195767,0.017537137,0.017633731,-0.019358896,,0.787327314,-0.125381876
jz,ASW1,3,300,4,0,0,0,0,0,0,nan,0.232670234,0.00795279,#VALUE!,nan,0.017329766,0.00795279,#VALUE!,nan,,,#VALUE!,nan,0.017329766,,#VALUE!,,#VALUE!,#VALUE!
jz,ASW1,3,200,4,0,0,0,0,0,0,nan,0.222136936,0.018191821,#VALUE!,nan,0.027863064,0.018191821,#VALUE!,nan,,,#VALUE!,nan,0.027863064,,#VALUE!,,#VALUE!,#VALUE!
by,AA1,1,800,3,587,576,11,578,576,2,0.327086882,0.319251574,0.020895117,0.374982754,0.006246451,0.01408176,0.020895117,-0.374982779,0.332179931,0.331298397,0.001562822,0.564065658,0.001153403,0.01408176,0.001562822,-8.272444508,,0.749965533,8.836510165
by,AA1,1,1000,2,576,576,0,576,576,0,0.5,0.49932467,0.001013239,0.666506244,0,0.00067533,0.001013239,-0.666506244,0.5,0.49935121,0.000924659,0.701653611,0,0.00067533,0.000924659,-0.730355475,,1.333012488,1.432009086
by,AA1,1,600,3,573,568,5,579,576,3,0.330424666,0.322724036,0.013569623,0.567490316,0.002908668,0.010609297,0.013569623,-0.567490269,0.331606218,0.331633166,0.001395258,-0.01931428,0.001727116,0.010609297,0.001395258,-6.365978834,,1.134980585,6.346664554
by,AA1,1,400,4,73,72,1,290,284,6,0.246575342,0.239128891,0.010226602,0.728145211,0.003424658,0.010871109,0.010226602,-0.728145211,0.244827586,0.244313304,0.007402995,0.069469504,0.005172414,0.010871109,0.007402995,-0.769782383,,1.456290422,0.839251886
by,AA1,1,300,4,0,0,0,0,0,0,nan,0.234246775,0.010382578,#VALUE!,nan,0.015753225,0.010382578,#VALUE!,nan,,,#VALUE!,nan,0.015753225,,#VALUE!,,#VALUE!,#VALUE!
by,AA1,1,200,4,0,0,0,0,0,0,nan,0.220175594,0.007131577,#VALUE!,nan,0.029824406,0.007131577,#VALUE!,nan,,,#VALUE!,nan,0.029824406,,#VALUE!,,#VALUE!,#VALUE!
by,AA1,2,800,3,597,576,21,589,576,13,0.32160804,0.314210314,0.027202076,0.271954464,0.011725293,0.019123019,0.027202076,-0.271954476,0.325976231,0.324009237,0.009698433,0.20281563,0.007357102,0.019123019,0.009698433,-1.213177096,,0.54390894,1.415992726
by,AA1,2,1000,2,576,575,1,581,576,5,0.499131944,0.48792786,0.02854483,0.392508343,0.000868056,0.01207214,0.02854483,-0.392508343,0.495697074,0.49408504,0.008466899,0.190392491,0.004302926,0.01207214,0.008466899,-0.917598529,,0.785016686,1.10799102
by,AA1,2,600,3,561,539,22,582,576,6,0.320261438,0.316474979,0.018664497,0.202869601,0.013071895,0.016858354,0.018664497,-0.202869616,0.329896907,0.324727854,0.01131159,0.45696967,0.003436426,0.016858354,0.01131159,-1.186564276,,0.405739217,1.643533946
by,AA1,2,400,4,102,93,9,233,224,9,0.227941176,0.228754538,0.01783754,-0.045598313,0.022058824,0.021245462,0.01783754,0.045598313,0.240343348,0.238310867,0.007644151,0.265887038,0.009656652,0.021245462,0.007644151,-1.516036229,,-0.091196626,1.781923267
by,AA1,2,300,4,0,0,0,0,0,0,nan,0.238958255,0.005894483,#VALUE!,nan,0.011041745,0.005894483,#VALUE!,nan,,,#VALUE!,nan,0.011041745,,#VALUE!,,#VALUE!,#VALUE!
by,AA1,2,200,4,0,0,0,0,0,0,nan,0.224669657,0.010383513,#VALUE!,nan,0.025330343,0.010383513,#VALUE!,nan,,,#VALUE!,nan,0.025330343,,#VALUE!,,#VALUE!,#VALUE!
by,AA1,3,800,3,590,575,15,590,576,14,0.324858757,0.315310058,0.026377836,0.361997071,0.008474576,0.018023276,0.026377836,-0.361997087,0.325423729,0.323369091,0.012796305,0.160564942,0.007909605,0.018023276,0.012796305,-0.790358688,,0.723994158,0.95092363
by,AA1,3,1000,2,576,576,0,576,576,0,0.5,0.49002853,0.024312701,0.410134182,0,0.00997147,0.024312701,-0.410134182,0.5,0.49096793,0.015792427,0.571924167,0,0.00997147,0.015792427,-0.631408326,,0.820268365,1.203332493
by,AA1,3,600,3,584,570,14,584,576,8,0.325342466,0.316088136,0.021844726,0.423641402,0.007990868,0.017245198,0.021844726,-0.423641377,0.328767123,0.32502129,0.012458215,0.300671746,0.00456621,0.017245198,0.012458215,-1.017721046,,0.847282779,1.318392792
by,AA1,3,400,4,102,97,5,256,240,16,0.237745098,0.232462863,0.015970833,0.330742581,0.012254902,0.017537137,0.015970833,-0.330742581,0.234375,0.235356553,0.017633731,-0.055663369,0.015625,0.017537137,0.017633731,-0.1084363,,0.661485163,0.052772931
by,AA1,3,300,4,0,0,0,0,0,0,nan,0.232670234,0.00795279,#VALUE!,nan,0.017329766,0.00795279,#VALUE!,nan,,,#VALUE!,nan,0.017329766,,#VALUE!,,#VALUE!,#VALUE!
by,AA1,3,200,4,0,0,0,0,0,0,nan,0.222136936,0.018191821,#VALUE!,nan,0.027863064,0.018191821,#VALUE!,nan,,,#VALUE!,nan,0.027863064,,#VALUE!,,#VALUE!,#VALUE!
et,AS2,1,800,3,766,568,198,579,576,3,0.247171453,0.319251574,0.020895117,-3.449615583,0.08616188,0.01408176,0.020895117,3.449615591,0.331606218,0.331298397,0.001562822,0.196965003,0.001727116,0.01408176,0.001562822,-7.905343801,,-6.899231174,8.102308803
et,AS2,1,1000,2,571,570,1,579,576,3,0.499124343,0.49932467,0.001013239,-0.19770963,0.000875657,0.00067533,0.001013239,0.19770963,0.497409326,0.49935121,0.000924659,-2.100107152,0.002590674,0.00067533,0.000924659,2.071405288,,-0.39541926,-4.17151244
et,AS2,1,600,3,508,416,92,579,576,3,0.272965879,0.322724036,0.013569623,-3.666878415,0.060367454,0.010609297,0.013569623,3.666878397,0.331606218,0.331633166,0.001395258,-0.01931428,0.001727116,0.010609297,0.001395258,-6.365978834,,-7.333756812,6.346664554
et,AS2,1,400,4,46,38,8,282,273,9,0.206521739,0.239128891,0.010226602,-3.188463945,0.043478261,0.010871109,0.010226602,3.188463945,0.242021277,0.244313304,0.007402995,-0.30960801,0.007978723,0.010871109,0.007402995,-0.39070487,,-6.376927891,0.08109686
et,AS2,1,300,4,0,0,0,0,0,0,nan,0.234246775,0.010382578,#VALUE!,nan,0.015753225,0.010382578,#VALUE!,nan,,,#VALUE!,nan,0.015753225,,#VALUE!,,#VALUE!,#VALUE!
et,AS2,1,200,4,0,0,0,0,0,0,nan,0.220175594,0.007131577,#VALUE!,nan,0.029824406,0.007131577,#VALUE!,nan,,,#VALUE!,nan,0.029824406,,#VALUE!,,#VALUE!,#VALUE!
et,AS2,2,800,3,836,615,221,588,576,12,0.245215311,0.314210314,0.027202076,-2.536387408,0.088118022,0.019123019,0.027202076,2.536387404,0.326530612,0.324009237,0.009698433,0.259977543,0.006802721,0.019123019,0.009698433,-1.270339008,,-5.072774811,1.530316551
et,AS2,2,1000,2,579,576,3,579,576,3,0.497409326,0.48792786,0.02854483,0.332160533,0.002590674,0.01207214,0.02854483,-0.332160533,0.497409326,0.49408504,0.008466899,0.392621429,0.002590674,0.01207214,0.008466899,-1.119827467,,0.664321066,1.512448896
et,AS2,2,600,3,512,401,111,589,576,13,0.261067708,0.316474979,0.018664497,-2.968591749,0.072265625,0.016858354,0.018664497,2.96859175,0.325976231,0.324727854,0.01131159,0.110362688,0.007357102,0.016858354,0.01131159,-0.839957292,,-5.937183499,0.95031998
et,AS2,2,400,4,60,54,6,346,319,27,0.225,0.228754538,0.01783754,-0.210485174,0.025,0.021245462,0.01783754,0.210485174,0.230491329,0.238310867,0.007644151,-1.022943946,0.019508671,0.021245462,0.007644151,-0.227205245,,-0.420970348,-0.795738701
et,AS2,2,300,4,0,0,0,0,0,0,nan,0.238958255,0.005894483,#VALUE!,nan,0.011041745,0.005894483,#VALUE!,nan,,,#VALUE!,nan,0.011041745,,#VALUE!,,#VALUE!,#VALUE!
et,AS2,2,200,4,0,0,0,0,0,0,nan,0.224669657,0.010383513,#VALUE!,nan,0.025330343,0.010383513,#VALUE!,nan,,,#VALUE!,nan,0.025330343,,#VALUE!,,#VALUE!,#VALUE!
et,AS2,3,800,3,809,599,210,586,576,10,0.246806757,0.315310058,0.026377836,-2.597002315,0.086526576,0.018023276,0.026377836,2.597002308,0.327645051,0.323369091,0.012796305,0.334155835,0.005688282,0.018023276,0.012796305,-0.963949661,,-5.194004623,1.298105496
et,AS2,3,1000,2,580,576,4,578,576,2,0.496551724,0.49002853,0.024312701,0.268303951,0.003448276,0.00997147,0.024312701,-0.268303951,0.498269896,0.49096793,0.015792427,0.462371403,0.001730104,0.00997147,0.015792427,-0.521855562,,0.536607902,0.984226965
et,AS2,3,600,3,561,424,137,585,576,9,0.251931075,0.316088136,0.021844726,-2.936958891,0.081402258,0.017245198,0.021844726,2.936958872,0.328205128,0.32502129,0.012458215,0.255561351,0.005128205,0.017245198,0.012458215,-0.972610651,,-5.873917762,1.228172002
et,AS2,3,400,4,68,60,8,342,315,27,0.220588235,0.232462863,0.015970833,-0.74351966,0.029411765,0.017537137,0.015970833,0.74351966,0.230263158,0.235356553,0.017633731,-0.288843852,0.019736842,0.017537137,0.017633731,0.124744184,,-1.48703932,-0.413588036
et,AS2,3,300,4,0,0,0,0,0,0,nan,0.232670234,0.00795279,#VALUE!,nan,0.017329766,0.00795279,#VALUE!,nan,,,#VALUE!,nan,0.017329766,,#VALUE!,,#VALUE!,#VALUE!
et,AS2,3,200,4,0,0,0,0,0,0,nan,0.222136936,0.018191821,#VALUE!,nan,0.027863064,0.018191821,#VALUE!,nan,,,#VALUE!,nan,0.027863064,,#VALUE!,,#VALUE!,#VALUE!
