3,id,level,sa,choices,totalTrials_Pre,totalHits_Pre,totalFailures_Pre,totalTrials_Post,hitsPost,failuresPost,,hitRatePre,failureRatePre,hitRatePost,failureRatePost,,,,,,,id,level,sa,d prime pre,d prime post,improves?,"d' = NORMINV(hit-rate,0,1) - NORMINV(false-alarm-rate,0,1) "
ah,N1,1,800,3,378,375,3,578,576,2,,0.330687831,0.002645503,0.332179931,0.001153403,,0.330687831,0.002645503,0.332179931,0.001153403,,N1,1,800,2.350746562,2.613693347,*,
ah,N1,1,1000,2,96,96,0,579,576,3,,0.5,0,0.497409326,0.002590674,,0.5,0.001,0.497409326,0.002590674,,N1,1,1000,3.090232306,2.789043662,,
ah,N1,1,600,3,400,392,8,582,576,6,,0.326666667,0.006666667,0.329896907,0.003436426,,0.326666667,0.006666667,0.329896907,0.003436426,,N1,1,600,2.025603329,2.262745201,*,
ah,N1,1,400,4,383,368,15,270,263,7,,0.240208877,0.009791123,0.243518519,0.006481481,,0.240208877,0.009791123,0.243518519,0.006481481,,N1,1,400,1.628626619,1.789756072,*,
ah,N1,1,300,4,350,328,22,0,0,0,,0.234285714,0.015714286,#DIV/0!,#DIV/0!,,0.234285714,0.015714286,,,,N1,1,300,1.426798416,,*,
ah,N1,1,200,4,9,8,1,0,0,0,,0.222222222,0.027777778,#DIV/0!,#DIV/0!,,0.222222222,0.027777778,,,,N1,1,200,1.149796147,,*,
ah,N1,2,800,3,380,375,5,593,576,17,,0.328947368,0.004385965,0.323777403,0.00955593,,0.328947368,0.004385965,0.323777403,0.00955593,,N1,2,800,2.177995477,1.88618018,,
ah,N1,2,1000,2,96,96,0,577,576,1,,0.5,0,0.499133449,0.000866551,,0.5,0.001,0.499133449,0.000866551,,N1,2,1000,3.090232306,3.130351975,*,
ah,N1,2,600,3,407,392,15,587,576,11,,0.321048321,0.012285012,0.327086882,0.006246451,,0.321048321,0.012285012,0.327086882,0.006246451,,N1,2,600,1.783327361,2.049935338,*,
ah,N1,2,400,4,401,363,38,298,281,17,,0.226309227,0.023690773,0.235738255,0.014261745,,0.226309227,0.023690773,0.235738255,0.014261745,,N1,2,400,1.231816806,1.469931547,*,
ah,N1,2,300,4,324,299,25,0,0,0,,0.230709877,0.019290123,#DIV/0!,#DIV/0!,,0.230709877,0.019290123,,,,N1,2,300,1.332125082,,*,
ah,N1,2,200,4,0,0,0,0,0,0,,#DIV/0!,#DIV/0!,#DIV/0!,#DIV/0!,,,,,,,N1,2,200,,,,
ah,N1,3,800,3,379,378,1,589,576,13,,0.332453826,0.000879507,0.325976231,0.007357102,,0.332453826,0.000879507,0.325976231,0.007357102,,N1,3,800,2.695017554,1.988286404,,
ah,N1,3,1000,2,96,96,0,578,576,2,,0.5,0,0.498269896,0.001730104,,0.5,0.001,0.498269896,0.001730104,,N1,3,1000,3.090232306,2.9192527,,
ah,N1,3,600,3,408,392,16,590,576,14,,0.320261438,0.013071895,0.325423729,0.007909605,,0.320261438,0.013071895,0.325423729,0.007909605,,N1,3,600,1.757101326,1.96047492,*,
ah,N1,3,400,4,388,352,36,290,275,15,,0.226804124,0.023195876,0.237068966,0.012931034,,0.226804124,0.023195876,0.237068966,0.012931034,,N1,3,400,1.242398311,1.512514088,*,
ah,N1,3,300,4,340,297,43,0,0,0,,0.218382353,0.031617647,#DIV/0!,#DIV/0!,,0.218382353,0.031617647,,,,N1,3,300,1.079865375,,*,
ah,N1,3,200,4,0,0,0,0,0,0,,#DIV/0!,#DIV/0!,#DIV/0!,#DIV/0!,,,,,,,N1,3,200,,,,
ll,N7,1,800,3,396,396,0,582,576,6,,0.333333333,0,0.329896907,0.003436426,,0.333333333,0.001,0.329896907,0.003436426,,N7,1,800,2.659505006,2.262745201,,
ll,N7,1,1000,2,132,132,0,578,575,3,,0.5,0,0.497404844,0.002595156,,0.5,0.001,0.497404844,0.002595156,,N7,1,1000,3.090232306,2.788473655,,
ll,N7,1,600,3,445,440,5,578,576,2,,0.329588015,0.003745318,0.332179931,0.001153403,,0.329588015,0.003745318,0.332179931,0.001153403,,N7,1,600,2.23315522,2.613693347,*,
ll,N7,1,400,4,535,527,8,336,331,5,,0.246261682,0.003738318,0.246279762,0.003720238,,0.246261682,0.003738318,0.246279762,0.003720238,,N7,1,400,1.988532625,1.990215014,*,
ll,N7,1,300,4,432,424,8,0,0,0,,0.24537037,0.00462963,#DIV/0!,#DIV/0!,,0.24537037,0.00462963,,,,N7,1,300,1.913199252,,*,
ll,N7,1,200,4,96,86,10,0,0,0,,0.223958333,0.026041667,#DIV/0!,#DIV/0!,,0.223958333,0.026041667,,,,N7,1,200,1.183551489,,*,
ll,N7,2,800,3,398,396,2,594,576,18,,0.331658291,0.001675042,0.323232323,0.01010101,,0.331658291,0.001675042,0.323232323,0.01010101,,N7,2,800,2.498305104,1.863895465,,
ll,N7,2,1000,2,133,132,1,601,575,26,,0.496240602,0.003759398,0.478369384,0.021630616,,0.496240602,0.003759398,0.478369384,0.021630616,,N7,2,1000,2.663524199,1.966932558,,
ll,N7,2,600,3,445,440,5,591,576,15,,0.329588015,0.003745318,0.324873096,0.008460237,,0.329588015,0.003745318,0.324873096,0.008460237,,N7,2,600,2.23315522,1.934316432,,
ll,N7,2,400,4,542,527,15,318,312,6,,0.243081181,0.006918819,0.245283019,0.004716981,,0.243081181,0.006918819,0.245283019,0.004716981,,N7,2,400,1.76502523,1.906505384,*,
ll,N7,2,300,4,404,398,6,0,0,0,,0.246287129,0.003712871,#DIV/0!,#DIV/0!,,0.246287129,0.003712871,,,,N7,2,300,1.990902563,,*,
ll,N7,2,200,4,118,105,13,0,0,0,,0.222457627,0.027542373,#DIV/0!,#DIV/0!,,0.222457627,0.027542373,,,,N7,2,200,1.154287745,,*,
ll,N7,3,800,3,398,396,2,600,576,24,,0.331658291,0.001675042,0.32,0.013333333,,0.331658291,0.001675042,0.32,0.013333333,,N7,3,800,2.498305104,1.74866399,,
ll,N7,3,1000,2,132,132,0,604,576,28,,0.5,0,0.476821192,0.023178808,,0.5,0.001,0.476821192,0.023178808,,N7,3,1000,3.090232306,1.933989143,,
ll,N7,3,600,3,444,440,4,591,576,15,,0.33033033,0.003003003,0.324873096,0.008460237,,0.33033033,0.003003003,0.324873096,0.008460237,,N7,3,600,2.308452098,1.934316432,,
ll,N7,3,400,4,537,528,9,383,367,16,,0.245810056,0.004189944,0.239556136,0.010443864,,0.245810056,0.004189944,0.239556136,0.010443864,,N7,3,400,1.948633356,1.602276616,,
ll,N7,3,300,4,432,414,18,0,0,0,,0.239583333,0.010416667,#DIV/0!,#DIV/0!,,0.239583333,0.010416667,,,,N7,3,300,1.603347816,,*,
ll,N7,3,200,4,103,98,5,0,0,0,,0.237864078,0.012135922,#DIV/0!,#DIV/0!,,0.237864078,0.012135922,,,,N7,3,200,1.539608643,,*,
it,N6,1,800,3,578,575,3,578,576,2,,0.33160323,0.001730104,0.332179931,0.001153403,,0.33160323,0.001730104,0.332179931,0.001153403,,N6,1,800,2.488098978,2.613693347,*,
it,N6,1,1000,2,576,576,0,576,576,0,,0.5,0,0.5,0,,0.5,0.001,0.5,0.001,,N6,1,1000,3.090232306,3.090232306,,
it,N6,1,600,3,576,572,4,579,576,3,,0.331018519,0.002314815,0.331606218,0.001727116,,0.331018519,0.002314815,0.331606218,0.001727116,,N6,1,600,2.394631841,2.488645298,*,
it,N6,1,400,4,221,219,2,410,402,8,,0.247737557,0.002262443,0.245121951,0.004878049,,0.247737557,0.002262443,0.245121951,0.004878049,,N6,1,400,2.157417839,1.894435246,,
it,N6,1,300,4,0,0,0,0,0,0,,#DIV/0!,#DIV/0!,#DIV/0!,#DIV/0!,,,,,,,N6,1,300,,,,
it,N6,1,200,4,0,0,0,0,0,0,,#DIV/0!,#DIV/0!,#DIV/0!,#DIV/0!,,,,,,,N6,1,200,,,,
it,N6,2,800,3,583,575,8,583,576,7,,0.328759291,0.004574042,0.329331046,0.004002287,,0.328759291,0.004574042,0.329331046,0.004002287,,N6,2,800,2.163128268,2.210115716,*,
it,N6,2,1000,2,576,576,0,576,576,0,,0.5,0,0.5,0,,0.5,0.001,0.5,0.001,,N6,2,1000,3.090232306,3.090232306,,
it,N6,2,600,3,590,576,14,580,576,4,,0.325423729,0.007909605,0.331034483,0.002298851,,0.325423729,0.007909605,0.331034483,0.002298851,,N6,2,600,1.96047492,2.396888119,*,
it,N6,2,400,4,226,204,22,430,415,15,,0.225663717,0.024336283,0.24127907,0.00872093,,0.225663717,0.024336283,0.24127907,0.00872093,,N6,2,400,1.218244945,1.675064426,*,
it,N6,2,300,4,0,0,0,0,0,0,,#DIV/0!,#DIV/0!,#DIV/0!,#DIV/0!,,,,,,,N6,2,300,,,,
it,N6,2,200,4,0,0,0,0,0,0,,#DIV/0!,#DIV/0!,#DIV/0!,#DIV/0!,,,,,,,N6,2,200,,,,
it,N6,3,800,3,598,576,22,586,576,10,,0.321070234,0.012263099,0.327645051,0.005688282,,0.321070234,0.012263099,0.327645051,0.005688282,,N6,3,800,1.784076534,2.084489061,*,
it,N6,3,1000,2,576,576,0,576,576,0,,0.5,0,0.5,0,,0.5,0.001,0.5,0.001,,N6,3,1000,3.090232306,3.090232306,,
it,N6,3,600,3,590,576,14,579,576,3,,0.325423729,0.007909605,0.331606218,0.001727116,,0.325423729,0.007909605,0.331606218,0.001727116,,N6,3,600,1.96047492,2.488645298,*,
it,N6,3,400,4,243,224,19,441,428,13,,0.230452675,0.019547325,0.242630385,0.007369615,,0.230452675,0.019547325,0.242630385,0.007369615,,N6,3,400,1.325832381,1.740857406,*,
it,N6,3,300,4,0,0,0,0,0,0,,#DIV/0!,#DIV/0!,#DIV/0!,#DIV/0!,,,,,,,N6,3,300,,,,
it,N6,3,200,4,0,0,0,0,0,0,,#DIV/0!,#DIV/0!,#DIV/0!,#DIV/0!,,,,,,,N6,3,200,,,,
sm,N9,1,800,3,397,396,1,579,576,3,,0.332493703,0.000839631,0.331606218,0.001727116,,0.332493703,0.000839631,0.331606218,0.001727116,,N9,1,800,2.708738777,2.488645298,,
sm,N9,1,1000,2,0,0,0,577,576,1,,#DIV/0!,#DIV/0!,0.499133449,0.000866551,,,,0.499133449,0.000866551,,N9,1,1000,,3.130351975,,
sm,N9,1,600,3,553,516,37,576,576,0,,0.311030741,0.022302592,0.333333333,0,,0.311030741,0.022302592,0.333333333,0.001,,N9,1,600,1.515427938,2.659505006,*,
sm,N9,1,400,4,451,439,12,334,332,2,,0.243348115,0.006651885,0.248502994,0.001497006,,0.243348115,0.006651885,0.248502994,0.001497006,,N9,1,400,1.779959294,2.289143904,*,
sm,N9,1,300,4,426,405,21,0,0,0,,0.237676056,0.012323944,#DIV/0!,#DIV/0!,,0.237676056,0.012323944,,,,N9,1,300,1.533079041,,*,
sm,N9,1,200,4,39,33,6,0,0,0,,0.211538462,0.038461538,#DIV/0!,#DIV/0!,,0.211538462,0.038461538,,,,N9,1,200,0.967730516,,*,
sm,N9,2,800,3,399,396,3,613,576,37,,0.330827068,0.002506266,0.313213703,0.02011963,,0.330827068,0.002506266,0.313213703,0.02011963,,N9,2,800,2.36859677,1.564522957,,
sm,N9,2,1000,2,0,0,0,593,576,17,,#DIV/0!,#DIV/0!,0.485666105,0.014333895,,,,0.485666105,0.014333895,,N9,2,1000,,2.1520874,,
sm,N9,2,600,3,408,396,12,593,576,17,,0.323529412,0.009803922,0.323777403,0.00955593,,0.323529412,0.009803922,0.323777403,0.00955593,,N9,2,600,1.875916628,1.88618018,*,
sm,N9,2,400,4,550,528,22,478,459,19,,0.24,0.01,0.240062762,0.009937238,,0.24,0.01,0.240062762,0.009937238,,N9,2,400,1.620045311,1.62260852,*,
sm,N9,2,300,4,504,472,32,0,0,0,,0.234126984,0.015873016,#DIV/0!,#DIV/0!,,0.234126984,0.015873016,,,,N9,2,300,1.422270993,,*,
sm,N9,2,200,4,13,11,2,0,0,0,,0.211538462,0.038461538,#DIV/0!,#DIV/0!,,0.211538462,0.038461538,,,,N9,2,200,0.967730516,,*,
sm,N9,3,800,3,397,396,1,589,576,13,,0.332493703,0.000839631,0.325976231,0.007357102,,0.332493703,0.000839631,0.325976231,0.007357102,,N9,3,800,2.708738777,1.988286404,,
sm,N9,3,1000,2,0,0,0,610,576,34,,#DIV/0!,#DIV/0!,0.472131148,0.027868852,,,,0.472131148,0.027868852,,N9,3,1000,,1.843167075,,
sm,N9,3,600,3,410,396,14,592,576,16,,0.32195122,0.011382114,0.324324324,0.009009009,,0.32195122,0.011382114,0.324324324,0.009009009,,N9,3,600,1.815119068,1.909607332,*,
sm,N9,3,400,4,562,526,36,447,432,15,,0.233985765,0.016014235,0.241610738,0.008389262,,0.233985765,0.016014235,0.241610738,0.008389262,,N9,3,400,1.41827167,1.690394714,*,
sm,N9,3,300,4,484,452,32,0,0,0,,0.233471074,0.016528926,#DIV/0!,#DIV/0!,,0.233471074,0.016528926,,,,N9,3,300,1.403916598,,*,
sm,N9,3,200,4,18,15,3,0,0,0,,0.208333333,0.041666667,#DIV/0!,#DIV/0!,,0.208333333,0.041666667,,,,N9,3,200,0.91944659,,*,
sr,N10,1,800,3,576,575,1,578,576,2,,0.33275463,0.000578704,0.332179931,0.001153403,,0.33275463,0.000578704,0.332179931,0.001153403,,N10,1,800,2.81685421,2.613693347,,
sr,N10,1,1000,2,189,189,0,576,576,0,,0.5,0,0.5,0,,0.5,0.001,0.5,0.001,,N10,1,1000,3.090232306,3.090232306,,
sr,N10,1,600,3,579,575,4,576,576,0,,0.331030512,0.002302821,0.333333333,0,,0.331030512,0.002302821,0.333333333,0.001,,N10,1,600,2.396325718,2.659505006,*,
sr,N10,1,400,4,408,393,15,384,383,1,,0.240808824,0.009191176,0.249348958,0.000651042,,0.240808824,0.009191176,0.249348958,0.000651042,,N10,1,400,1.654121924,2.538980137,*,
sr,N10,1,300,4,68,60,8,0,0,0,,0.220588235,0.029411765,#DIV/0!,#DIV/0!,,0.220588235,0.029411765,,,,N10,1,300,1.119301873,,*,
sr,N10,1,200,4,0,0,0,0,0,0,,#DIV/0!,#DIV/0!,#DIV/0!,#DIV/0!,,,,,,,N10,1,200,,,,
sr,N10,2,800,3,577,576,1,580,576,4,,0.332755633,0.000577701,0.331034483,0.002298851,,0.332755633,0.000577701,0.331034483,0.002298851,,N10,2,800,2.81735036,2.396888119,,
sr,N10,2,1000,2,192,192,0,577,576,1,,0.5,0,0.499133449,0.000866551,,0.5,0.001,0.499133449,0.000866551,,N10,2,1000,3.090232306,3.130351975,*,
sr,N10,2,600,3,581,576,5,579,576,3,,0.330464716,0.002868617,0.331606218,0.001727116,,0.330464716,0.002868617,0.331606218,0.001727116,,N10,2,600,2.323802666,2.488645298,*,
sr,N10,2,400,4,477,460,17,406,395,11,,0.241090147,0.008909853,0.243226601,0.006773399,,0.241090147,0.008909853,0.243226601,0.006773399,,N10,2,400,1.666543102,1.773100296,*,
sr,N10,2,300,4,132,127,5,0,0,0,,0.240530303,0.009469697,#DIV/0!,#DIV/0!,,0.240530303,0.009469697,,,,N10,2,300,1.642123983,,*,
sr,N10,2,200,4,0,0,0,0,0,0,,#DIV/0!,#DIV/0!,#DIV/0!,#DIV/0!,,,,,,,N10,2,200,,,,
sr,N10,3,800,3,580,576,4,582,575,7,,0.331034483,0.002298851,0.32932417,0.004009164,,0.331034483,0.002298851,0.32932417,0.004009164,,N10,3,800,2.396888119,2.209516975,,
sr,N10,3,1000,2,192,192,0,577,576,1,,0.5,0,0.499133449,0.000866551,,0.5,0.001,0.499133449,0.000866551,,N10,3,1000,3.090232306,3.130351975,*,
sr,N10,3,600,3,581,576,5,579,576,3,,0.330464716,0.002868617,0.331606218,0.001727116,,0.330464716,0.002868617,0.331606218,0.001727116,,N10,3,600,2.323802666,2.488645298,*,
sr,N10,3,400,4,458,448,10,400,392,8,,0.244541485,0.005458515,0.245,0.005,,0.244541485,0.005458515,0.245,0.005,,N10,3,400,1.853575356,1.88552048,*,
sr,N10,3,300,4,172,158,14,0,0,0,,0.229651163,0.020348837,#DIV/0!,#DIV/0!,,0.229651163,0.020348837,,,,N10,3,300,1.306600799,,*,
sr,N10,3,200,4,0,0,0,0,0,0,,#DIV/0!,#DIV/0!,#DIV/0!,#DIV/0!,,,,,,,N10,3,200,,,,
ez,N5,1,800,3,397,396,1,576,576,0,,0.332493703,0.000839631,0.333333333,0,,0.332493703,0.000839631,0.333333333,0.001,,N5,1,800,2.708738777,2.659505006,,
ez,N5,1,1000,2,132,132,0,576,576,0,,0.5,0,0.5,0,,0.5,0.001,0.5,0.001,,N5,1,1000,3.090232306,3.090232306,,
ez,N5,1,600,3,447,440,7,578,576,2,,0.328113348,0.005219985,0.332179931,0.001153403,,0.328113348,0.005219985,0.332179931,0.001153403,,N5,1,600,2.115776891,2.613693347,*,
ez,N5,1,400,4,539,528,11,197,195,2,,0.244897959,0.005102041,0.247461929,0.002538071,,0.244897959,0.005102041,0.247461929,0.002538071,,N5,1,400,1.878202261,2.11966333,*,
ez,N5,1,300,4,364,351,13,0,0,0,,0.241071429,0.008928571,#DIV/0!,#DIV/0!,,0.241071429,0.008928571,,,,N5,1,300,1.665706847,,*,
ez,N5,1,200,4,71,65,6,0,0,0,,0.228873239,0.021126761,#DIV/0!,#DIV/0!,,0.228873239,0.021126761,,,,N5,1,200,1.288451817,,*,
ez,N5,2,800,3,397,396,1,579,576,3,,0.332493703,0.000839631,0.331606218,0.001727116,,0.332493703,0.000839631,0.331606218,0.001727116,,N5,2,800,2.708738777,2.488645298,,
ez,N5,2,1000,2,132,132,0,576,576,0,,0.5,0,0.5,0,,0.5,0.001,0.5,0.001,,N5,2,1000,3.090232306,3.090232306,,
ez,N5,2,600,3,448,440,8,579,576,3,,0.327380952,0.005952381,0.331606218,0.001727116,,0.327380952,0.005952381,0.331606218,0.001727116,,N5,2,600,2.067798149,2.488645298,*,
ez,N5,2,400,4,548,528,20,240,230,10,,0.240875912,0.009124088,0.239583333,0.010416667,,0.240875912,0.009124088,0.239583333,0.010416667,,N5,2,400,1.657055769,1.603347816,,
ez,N5,2,300,4,375,366,9,0,0,0,,0.244,0.006,#DIV/0!,#DIV/0!,,0.244,0.006,,,,N5,2,300,1.818650982,,*,
ez,N5,2,200,4,70,64,6,0,0,0,,0.228571429,0.021428571,#DIV/0!,#DIV/0!,,0.228571429,0.021428571,,,,N5,2,200,1.281539805,,*,
ez,N5,3,800,3,399,396,3,579,576,3,,0.330827068,0.002506266,0.331606218,0.001727116,,0.330827068,0.002506266,0.331606218,0.001727116,,N5,3,800,2.36859677,2.488645298,*,
ez,N5,3,1000,2,132,132,0,576,576,0,,0.5,0,0.5,0,,0.5,0.001,0.5,0.001,,N5,3,1000,3.090232306,3.090232306,,
ez,N5,3,600,3,448,439,9,579,576,3,,0.326636905,0.006696429,0.331606218,0.001727116,,0.326636905,0.006696429,0.331606218,0.001727116,,N5,3,600,2.023929408,2.488645298,*,
ez,N5,3,400,4,549,528,21,198,191,7,,0.240437158,0.009562842,0.241161616,0.008838384,,0.240437158,0.009562842,0.241161616,0.008838384,,N5,3,400,1.638175119,1.669749268,*,
ez,N5,3,300,4,411,387,24,0,0,0,,0.23540146,0.01459854,#DIV/0!,#DIV/0!,,0.23540146,0.01459854,,,,N5,3,300,1.459642043,,*,
ez,N5,3,200,4,41,39,2,0,0,0,,0.237804878,0.012195122,#DIV/0!,#DIV/0!,,0.237804878,0.012195122,,,,N5,3,200,1.537544257,,*,
sh,N8,1,800,3,600,573,27,582,576,6,,0.318333333,0.015,0.329896907,0.003436426,,0.318333333,0.015,0.329896907,0.003436426,,N8,1,800,1.697725916,2.262745201,*,
sh,N8,1,1000,2,578,576,2,576,576,0,,0.498269896,0.001730104,0.5,0,,0.498269896,0.001730104,0.5,0.001,,N8,1,1000,2.9192527,3.090232306,*,
sh,N8,1,600,3,521,504,17,578,576,2,,0.322456814,0.01087652,0.332179931,0.001153403,,0.322456814,0.01087652,0.332179931,0.001153403,,N8,1,600,1.833812938,2.613693347,*,
sh,N8,1,400,4,20,20,0,139,137,2,,0.25,0,0.246402878,0.003597122,,0.25,0.001,0.246402878,0.003597122,,N8,1,400,2.415742556,2.00186345,,
sh,N8,1,300,4,0,0,0,0,0,0,,#DIV/0!,#DIV/0!,#DIV/0!,#DIV/0!,,,,,,,N8,1,300,,,,
sh,N8,1,200,4,0,0,0,0,0,0,,#DIV/0!,#DIV/0!,#DIV/0!,#DIV/0!,,,,,,,N8,1,200,,,,
sh,N8,2,800,3,602,575,27,591,576,15,,0.318383167,0.014950166,0.324873096,0.008460237,,0.318383167,0.014950166,0.324873096,0.008460237,,N8,2,800,1.69918336,1.934316432,*,
sh,N8,2,1000,2,591,576,15,579,575,4,,0.487309645,0.012690355,0.496545769,0.003454231,,0.487309645,0.012690355,0.496545769,0.003454231,,N8,2,1000,2.203743064,2.69256625,*,
sh,N8,2,600,3,533,511,22,590,576,14,,0.319574734,0.013758599,0.325423729,0.007909605,,0.319574734,0.013758599,0.325423729,0.007909605,,N8,2,600,1.735213307,1.96047492,*,
sh,N8,2,400,4,21,20,1,184,181,3,,0.238095238,0.011904762,0.245923913,0.004076087,,0.238095238,0.011904762,0.245923913,0.004076087,,N8,2,400,1.547745956,1.958328598,*,
sh,N8,2,300,4,0,0,0,0,0,0,,#DIV/0!,#DIV/0!,#DIV/0!,#DIV/0!,,,,,,,N8,2,300,,,,
sh,N8,2,200,4,0,0,0,0,0,0,,#DIV/0!,#DIV/0!,#DIV/0!,#DIV/0!,,,,,,,N8,2,200,,,,
sh,N8,3,800,3,588,575,13,593,576,17,,0.325963719,0.007369615,0.323777403,0.00955593,,0.325963719,0.007369615,0.323777403,0.00955593,,N8,3,800,1.987637592,1.88618018,,
sh,N8,3,1000,2,591,576,15,580,576,4,,0.487309645,0.012690355,0.496551724,0.003448276,,0.487309645,0.012690355,0.496551724,0.003448276,,N8,3,1000,2.203743064,2.693154961,*,
sh,N8,3,600,3,546,515,31,578,566,12,,0.314407814,0.018925519,0.326412918,0.006920415,,0.314407814,0.018925519,0.326412918,0.006920415,,N8,3,600,1.593069675,2.011528079,*,
sh,N8,3,400,4,56,50,6,162,159,3,,0.223214286,0.026785714,0.24537037,0.00462963,,0.223214286,0.026785714,0.24537037,0.00462963,,N8,3,400,1.168903252,1.913199252,*,
sh,N8,3,300,4,0,0,0,0,0,0,,#DIV/0!,#DIV/0!,#DIV/0!,#DIV/0!,,,,,,,N8,3,300,,,,
sh,N8,3,200,4,0,0,0,0,0,0,,#DIV/0!,#DIV/0!,#DIV/0!,#DIV/0!,,,,,,,N8,3,200,,,,
dd,N3,1,800,3,458,456,2,578,576,2,,0.331877729,0.001455604,0.332179931,0.001153403,,0.331877729,0.001455604,0.332179931,0.001153403,,N3,1,800,2.542227173,2.613693347,*,
dd,N3,1,1000,2,0,0,0,576,576,0,,#DIV/0!,#DIV/0!,0.5,0,,,,0.5,0.001,,N3,1,1000,,3.090232306,,
dd,N3,1,600,3,456,456,0,578,576,2,,0.333333333,0,0.332179931,0.001153403,,0.333333333,0.001,0.332179931,0.001153403,,N3,1,600,2.659505006,2.613693347,,
dd,N3,1,400,4,621,608,13,394,389,5,,0.244766506,0.005233494,0.246827411,0.003172589,,0.244766506,0.005233494,0.246827411,0.003172589,,N3,1,400,1.868955817,2.044881743,*,
dd,N3,1,300,4,412,398,14,0,0,0,,0.241504854,0.008495146,#DIV/0!,#DIV/0!,,0.241504854,0.008495146,,,,N3,1,300,1.685447682,,*,
dd,N3,1,200,4,84,72,12,0,0,0,,0.214285714,0.035714286,#DIV/0!,#DIV/0!,,0.214285714,0.035714286,,,,N3,1,200,1.011104478,,*,
dd,N3,2,800,3,456,456,0,599,576,23,,0.333333333,0,0.320534224,0.01279911,,0.333333333,0.001,0.320534224,0.01279911,,N3,2,800,2.659505006,1.766047947,,
dd,N3,2,1000,2,0,0,0,587,576,11,,#DIV/0!,#DIV/0!,0.490630324,0.009369676,,,,0.490630324,0.009369676,,N3,2,1000,,2.327187369,,
dd,N3,2,600,3,464,456,8,583,576,7,,0.327586207,0.005747126,0.329331046,0.004002287,,0.327586207,0.005747126,0.329331046,0.004002287,,N3,2,600,2.080714089,2.210115716,*,
dd,N3,2,400,4,616,608,8,543,527,16,,0.246753247,0.003246753,0.242633517,0.007366483,,0.246753247,0.003246753,0.242633517,0.007366483,,N3,2,400,2.03701874,1.741021041,,
dd,N3,2,300,4,399,380,19,0,0,0,,0.238095238,0.011904762,#DIV/0!,#DIV/0!,,0.238095238,0.011904762,,,,N3,2,300,1.547745956,,*,
dd,N3,2,200,4,72,68,4,0,0,0,,0.236111111,0.013888889,#DIV/0!,#DIV/0!,,0.236111111,0.013888889,,,,N3,2,200,1.481542525,,*,
dd,N3,3,800,3,456,456,0,588,576,12,,0.333333333,0,0.326530612,0.006802721,,0.333333333,0.001,0.326530612,0.006802721,,N3,3,800,2.659505006,2.018001699,,
dd,N3,3,1000,2,0,0,0,589,576,13,,#DIV/0!,#DIV/0!,0.488964346,0.011035654,,,,0.488964346,0.011035654,,N3,3,1000,,2.261472663,,
dd,N3,3,600,3,460,456,4,585,576,9,,0.330434783,0.002898551,0.328205128,0.005128205,,0.330434783,0.002898551,0.328205128,0.005128205,,N3,3,600,2.320329442,2.122187811,,
dd,N3,3,400,4,628,608,20,498,491,7,,0.242038217,0.007961783,0.246485944,0.003514056,,0.242038217,0.007961783,0.246485944,0.003514056,,N3,3,400,1.710901504,2.009919595,*,
dd,N3,3,300,4,406,389,17,0,0,0,,0.23953202,0.01046798,#DIV/0!,#DIV/0!,,0.23953202,0.01046798,,,,N3,3,300,1.601328626,,*,
dd,N3,3,200,4,88,72,16,0,0,0,,0.204545455,0.045454545,#DIV/0!,#DIV/0!,,0.204545455,0.045454545,,,,N3,3,200,0.865127145,,*,
dl,N4,1,800,3,593,571,22,579,576,3,,0.320966835,0.012366498,0.331606218,0.001727116,,0.320966835,0.012366498,0.331606218,0.001727116,,N4,1,800,1.780550754,2.488645298,*,
dl,N4,1,1000,2,577,574,3,577,576,1,,0.497400347,0.002599653,0.499133449,0.000866551,,0.497400347,0.002599653,0.499133449,0.000866551,,N4,1,1000,2.787902616,3.130351975,*,
dl,N4,1,600,3,510,493,17,579,576,3,,0.322222222,0.011111111,0.331606218,0.001727116,,0.322222222,0.011111111,0.331606218,0.001727116,,N4,1,600,1.82505426,2.488645298,*,
dl,N4,1,400,4,42,37,5,286,271,15,,0.220238095,0.029761905,0.236888112,0.013111888,,0.220238095,0.029761905,0.236888112,0.013111888,,N4,1,400,1.112915076,1.506533292,*,
dl,N4,1,300,4,0,0,0,0,0,0,,#DIV/0!,#DIV/0!,#DIV/0!,#DIV/0!,,,,,,,N4,1,300,,,,
dl,N4,1,200,4,0,0,0,0,0,0,,#DIV/0!,#DIV/0!,#DIV/0!,#DIV/0!,,,,,,,N4,1,200,,,,
dl,N4,2,800,3,613,573,40,583,576,7,,0.311582382,0.021750952,0.329331046,0.004002287,,0.311582382,0.021750952,0.329331046,0.004002287,,N4,2,800,1.527488717,2.210115716,*,
dl,N4,2,1000,2,587,576,11,578,576,2,,0.490630324,0.009369676,0.498269896,0.001730104,,0.490630324,0.009369676,0.498269896,0.001730104,,N4,2,1000,2.327187369,2.9192527,*,
dl,N4,2,600,3,537,504,33,589,576,13,,0.312849162,0.020484171,0.325976231,0.007357102,,0.312849162,0.020484171,0.325976231,0.007357102,,N4,2,600,1.556059879,1.988286404,*,
dl,N4,2,400,4,22,16,6,268,245,23,,0.181818182,0.068181818,0.228544776,0.021455224,,0.181818182,0.068181818,0.228544776,0.021455224,,N4,2,400,0.581012176,1.280932758,*,
dl,N4,2,300,4,0,0,0,0,0,0,,#DIV/0!,#DIV/0!,#DIV/0!,#DIV/0!,,,,,,,N4,2,300,,,,
dl,N4,2,200,4,0,0,0,0,0,0,,#DIV/0!,#DIV/0!,#DIV/0!,#DIV/0!,,,,,,,N4,2,200,,,,
dl,N4,3,800,3,604,576,28,588,576,12,,0.317880795,0.015452539,0.326530612,0.006802721,,0.317880795,0.015452539,0.326530612,0.006802721,,N4,3,800,1.684659682,2.018001699,*,
dl,N4,3,1000,2,578,576,2,577,576,1,,0.498269896,0.001730104,0.499133449,0.000866551,,0.498269896,0.001730104,0.499133449,0.000866551,,N4,3,1000,2.9192527,3.130351975,*,
dl,N4,3,600,3,585,543,42,583,576,7,,0.309401709,0.023931624,0.329331046,0.004002287,,0.309401709,0.023931624,0.329331046,0.004002287,,N4,3,600,1.48103365,2.210115716,*,
dl,N4,3,400,4,6,6,0,312,286,26,,0.25,0,0.229166667,0.020833333,,0.25,0.001,0.229166667,0.020833333,,N4,3,400,2.415742556,1.295240096,,
dl,N4,3,300,4,0,0,0,0,0,0,,#DIV/0!,#DIV/0!,#DIV/0!,#DIV/0!,,,,,,,N4,3,300,,,,
dl,N4,3,200,4,0,0,0,0,0,0,,#DIV/0!,#DIV/0!,#DIV/0!,#DIV/0!,,,,,,,N4,3,200,,,,
aj,N2,1,800,3,635,595,40,584,576,8,,0.312335958,0.020997375,0.328767123,0.00456621,,0.312335958,0.020997375,0.328767123,0.00456621,,N2,1,800,1.544332344,2.163736774,*,
aj,N2,1,1000,2,576,576,0,577,576,1,,0.5,0,0.499133449,0.000866551,,0.5,0.001,0.499133449,0.000866551,,N2,1,1000,3.090232306,3.130351975,*,
aj,N2,1,600,3,550,533,17,578,576,2,,0.323030303,0.01030303,0.332179931,0.001153403,,0.323030303,0.01030303,0.332179931,0.001153403,,N2,1,600,1.855883886,2.613693347,*,
aj,N2,1,400,4,187,181,6,273,266,7,,0.24197861,0.00802139,0.243589744,0.006410256,,0.24197861,0.00802139,0.243589744,0.006410256,,N2,1,400,1.707988752,1.793914738,*,
aj,N2,1,300,4,0,0,0,0,0,0,,#DIV/0!,#DIV/0!,#DIV/0!,#DIV/0!,,,,,,,N2,1,300,,,,
aj,N2,1,200,4,0,0,0,0,0,0,,#DIV/0!,#DIV/0!,#DIV/0!,#DIV/0!,,,,,,,N2,1,200,,,,
aj,N2,2,800,3,602,576,26,587,576,11,,0.318936877,0.014396456,0.327086882,0.006246451,,0.318936877,0.014396456,0.327086882,0.006246451,,N2,2,800,1.715636567,2.049935338,*,
aj,N2,2,1000,2,577,576,1,577,576,1,,0.499133449,0.000866551,0.499133449,0.000866551,,0.499133449,0.000866551,0.499133449,0.000866551,,N2,2,1000,3.130351975,3.130351975,,
aj,N2,2,600,3,604,576,28,581,576,5,,0.317880795,0.015452539,0.330464716,0.002868617,,0.317880795,0.015452539,0.330464716,0.002868617,,N2,2,600,1.684659682,2.323802666,*,
aj,N2,2,400,4,186,162,24,321,306,15,,0.217741935,0.032258065,0.238317757,0.011682243,,0.217741935,0.032258065,0.238317757,0.011682243,,N2,2,400,1.068754263,1.555697249,*,
aj,N2,2,300,4,0,0,0,0,0,0,,#DIV/0!,#DIV/0!,#DIV/0!,#DIV/0!,,,,,,,N2,2,300,,,,
aj,N2,2,200,4,0,0,0,0,0,0,,#DIV/0!,#DIV/0!,#DIV/0!,#DIV/0!,,,,,,,N2,2,200,,,,
aj,N2,3,800,3,611,576,35,588,576,12,,0.314238953,0.019094381,0.326530612,0.006802721,,0.314238953,0.019094381,0.326530612,0.006802721,,N2,3,800,1.588952607,2.018001699,*,
aj,N2,3,1000,2,578,576,2,576,576,0,,0.498269896,0.001730104,0.5,0,,0.498269896,0.001730104,0.5,0.001,,N2,3,1000,2.9192527,3.090232306,*,
aj,N2,3,600,3,595,570,25,582,576,6,,0.319327731,0.014005602,0.329896907,0.003436426,,0.319327731,0.014005602,0.329896907,0.003436426,,N2,3,600,1.727549911,2.262745201,*,
aj,N2,3,400,4,161,151,10,327,303,24,,0.23447205,0.01552795,0.231651376,0.018348624,,0.23447205,0.01552795,0.231651376,0.018348624,,N2,3,400,1.432157573,1.355697116,,
aj,N2,3,300,4,0,0,0,0,0,0,,#DIV/0!,#DIV/0!,#DIV/0!,#DIV/0!,,,,,,,N2,3,300,,,,
aj,N2,3,200,4,0,0,0,0,0,0,,#DIV/0!,#DIV/0!,#DIV/0!,#DIV/0!,,,,,,,N2,3,200,,,,
kp,AS3,1,800,3,585,576,9,583,576,7,,0.328205128,0.005128205,0.329331046,0.004002287,,0.328205128,0.005128205,0.329331046,0.004002287,,AS3,1,800,2.122187811,2.210115716,*,
kp,AS3,1,1000,2,577,576,1,577,576,1,,0.499133449,0.000866551,0.499133449,0.000866551,,0.499133449,0.000866551,0.499133449,0.000866551,,AS3,1,1000,3.130351975,3.130351975,,
kp,AS3,1,600,3,547,539,8,583,576,7,,0.328458257,0.004875076,0.329331046,0.004002287,,0.328458257,0.004875076,0.329331046,0.004002287,,AS3,1,600,2.14039205,2.210115716,*,
kp,AS3,1,400,4,109,104,5,363,359,4,,0.23853211,0.01146789,0.247245179,0.002754821,,0.23853211,0.01146789,0.247245179,0.002754821,,AS3,1,400,1.563470382,2.092436489,*,
kp,AS3,1,300,4,0,0,0,0,0,0,,#DIV/0!,#DIV/0!,#DIV/0!,#DIV/0!,,,,,,,AS3,1,300,,,,
kp,AS3,1,200,4,0,0,0,0,0,0,,#DIV/0!,#DIV/0!,#DIV/0!,#DIV/0!,,,,,,,AS3,1,200,,,,
kp,AS3,2,800,3,598,576,22,611,576,35,,0.321070234,0.012263099,0.314238953,0.019094381,,0.321070234,0.012263099,0.314238953,0.019094381,,AS3,2,800,1.784076534,1.588952607,,
kp,AS3,2,1000,2,583,576,7,612,576,36,,0.493996569,0.006003431,0.470588235,0.029411765,,0.493996569,0.006003431,0.470588235,0.029411765,,AS3,2,1000,2.496893652,1.815718681,,
kp,AS3,2,600,3,581,561,20,600,575,25,,0.321858864,0.011474469,0.319444444,0.013888889,,0.321858864,0.011474469,0.319444444,0.013888889,,AS3,2,600,1.811776565,1.731157693,,
kp,AS3,2,400,4,175,163,12,426,410,16,,0.232857143,0.017142857,0.240610329,0.009389671,,0.232857143,0.017142857,0.240610329,0.009389671,,AS3,2,400,1.387225444,1.645541776,*,
kp,AS3,2,300,4,0,0,0,0,0,0,,#DIV/0!,#DIV/0!,#DIV/0!,#DIV/0!,,,,,,,AS3,2,300,,,,
kp,AS3,2,200,4,0,0,0,0,0,0,,#DIV/0!,#DIV/0!,#DIV/0!,#DIV/0!,,,,,,,AS3,2,200,,,,
kp,AS3,3,800,3,593,576,17,605,575,30,,0.323777403,0.00955593,0.316804408,0.016528926,,0.323777403,0.00955593,0.316804408,0.016528926,,AS3,3,800,1.88618018,1.654726376,,
kp,AS3,3,1000,2,591,576,15,623,576,47,,0.487309645,0.012690355,0.462279294,0.037720706,,0.487309645,0.012690355,0.462279294,0.037720706,,AS3,3,1000,2.203743064,1.683078259,,
kp,AS3,3,600,3,600,576,24,614,576,38,,0.32,0.013333333,0.312703583,0.02062975,,0.32,0.013333333,0.312703583,0.02062975,,AS3,3,600,1.74866399,1.552711315,,
kp,AS3,3,400,4,228,215,13,397,374,23,,0.235745614,0.014254386,0.235516373,0.014483627,,0.235745614,0.014254386,0.235516373,0.014483627,,AS3,3,400,1.470158443,1.463132157,,
kp,AS3,3,300,4,0,0,0,0,0,0,,#DIV/0!,#DIV/0!,#DIV/0!,#DIV/0!,,,,,,,AS3,3,300,,,,
kp,AS3,3,200,4,0,0,0,0,0,0,,#DIV/0!,#DIV/0!,#DIV/0!,#DIV/0!,,,,,,,AS3,3,200,,,,
mg,AMS1,1,800,3,597,574,23,578,576,2,,0.320491346,0.012841988,0.332179931,0.001153403,,0.320491346,0.012841988,0.332179931,0.001153403,,AMS1,1,800,1.76463175,2.613693347,*,
mg,AMS1,1,1000,2,575,575,0,576,576,0,,0.5,0,0.5,0,,0.5,0.001,0.5,0.001,,AMS1,1,1000,3.090232306,3.090232306,,
mg,AMS1,1,600,3,488,484,4,582,576,6,,0.330601093,0.00273224,0.329896907,0.003436426,,0.330601093,0.00273224,0.329896907,0.003436426,,AMS1,1,600,2.340042109,2.262745201,,
mg,AMS1,1,400,4,62,60,2,219,214,5,,0.241935484,0.008064516,0.244292237,0.005707763,,0.241935484,0.008064516,0.244292237,0.005707763,,AMS1,1,400,1.705892408,1.837152863,*,
mg,AMS1,1,300,4,0,0,0,0,0,0,,#DIV/0!,#DIV/0!,#DIV/0!,#DIV/0!,,,,,,,AMS1,1,300,,,,
mg,AMS1,1,200,4,0,0,0,0,0,0,,#DIV/0!,#DIV/0!,#DIV/0!,#DIV/0!,,,,,,,AMS1,1,200,,,,
mg,AMS1,2,800,3,582,576,6,576,576,0,,0.329896907,0.003436426,0.333333333,0,,0.329896907,0.003436426,0.333333333,0.001,,AMS1,2,800,2.262745201,2.659505006,*,
mg,AMS1,2,1000,2,574,574,0,576,576,0,,0.5,0,0.5,0,,0.5,0.001,0.5,0.001,,AMS1,2,1000,3.090232306,3.090232306,,
mg,AMS1,2,600,3,565,554,11,579,576,3,,0.326843658,0.006489676,0.331606218,0.001727116,,0.326843658,0.006489676,0.331606218,0.001727116,,AMS1,2,600,2.035689711,2.488645298,*,
mg,AMS1,2,400,4,90,86,4,229,222,7,,0.238888889,0.011111111,0.242358079,0.007641921,,0.238888889,0.011111111,0.242358079,0.007641921,,AMS1,2,400,1.576666704,1.72684509,*,
mg,AMS1,2,300,4,0,0,0,0,0,0,,#DIV/0!,#DIV/0!,#DIV/0!,#DIV/0!,,,,,,,AMS1,2,300,,,,
mg,AMS1,2,200,4,0,0,0,0,0,0,,#DIV/0!,#DIV/0!,#DIV/0!,#DIV/0!,,,,,,,AMS1,2,200,,,,
mg,AMS1,3,800,3,587,576,11,577,576,1,,0.327086882,0.006246451,0.332755633,0.000577701,,0.327086882,0.006246451,0.332755633,0.000577701,,AMS1,3,800,2.049935338,2.81735036,*,
mg,AMS1,3,1000,2,576,576,0,576,576,0,,0.5,0,0.5,0,,0.5,0.001,0.5,0.001,,AMS1,3,1000,3.090232306,3.090232306,,
mg,AMS1,3,600,3,568,558,10,577,576,1,,0.327464789,0.005868545,0.332755633,0.000577701,,0.327464789,0.005868545,0.332755633,0.000577701,,AMS1,3,600,2.073027322,2.81735036,*,
mg,AMS1,3,400,4,104,99,5,234,228,6,,0.237980769,0.012019231,0.243589744,0.006410256,,0.237980769,0.012019231,0.243589744,0.006410256,,AMS1,3,400,1.543701054,1.793914738,*,
mg,AMS1,3,300,4,0,0,0,0,0,0,,#DIV/0!,#DIV/0!,#DIV/0!,#DIV/0!,,,,,,,AMS1,3,300,,,,
mg,AMS1,3,200,4,0,0,0,0,0,0,,#DIV/0!,#DIV/0!,#DIV/0!,#DIV/0!,,,,,,,AMS1,3,200,,,,
bb,AS1,1,800,3,463,421,42,581,576,5,,0.303095752,0.030237581,0.330464716,0.002868617,,0.303095752,0.030237581,0.330464716,0.002868617,,AS1,1,800,1.361795918,2.323802666,*,
bb,AS1,1,1000,2,258,258,0,576,576,0,,0.5,0,0.5,0,,0.5,0.001,0.5,0.001,,AS1,1,1000,3.090232306,3.090232306,,
bb,AS1,1,600,3,317,302,15,546,542,4,,0.317560463,0.015772871,0.330891331,0.002442002,,0.317560463,0.015772871,0.330891331,0.002442002,,AS1,1,600,1.675588252,2.37713318,*,
bb,AS1,1,400,4,308,286,22,141,141,0,,0.232142857,0.017857143,0.25,0,,0.232142857,0.017857143,0.25,0.001,,AS1,1,400,1.368357405,2.415742556,*,
bb,AS1,1,300,4,65,57,8,0,0,0,,0.219230769,0.030769231,#DIV/0!,#DIV/0!,,0.219230769,0.030769231,,,,AS1,1,300,1.094812885,,*,
bb,AS1,1,200,4,0,0,0,0,0,0,,#DIV/0!,#DIV/0!,#DIV/0!,#DIV/0!,,,,,,,AS1,1,200,,,,
bb,AS1,2,800,3,474,412,62,609,576,33,,0.289732771,0.043600563,0.315270936,0.018062397,,0.289732771,0.043600563,0.315270936,0.018062397,,AS1,2,800,1.156184678,1.614555683,*,
bb,AS1,2,1000,2,293,256,37,585,569,16,,0.436860068,0.063139932,0.486324786,0.013675214,,0.436860068,0.063139932,0.486324786,0.013675214,,AS1,2,1000,1.370002866,2.172194335,*,
bb,AS1,2,600,3,340,277,63,614,561,53,,0.271568627,0.061764706,0.304560261,0.028773073,,0.271568627,0.061764706,0.304560261,0.028773073,,AS1,2,600,0.932051228,1.387810173,*,
bb,AS1,2,400,4,240,177,63,58,50,8,,0.184375,0.065625,0.215517241,0.034482759,,0.184375,0.065625,0.215517241,0.034482759,,AS1,2,400,0.61037365,1.031222921,*,
bb,AS1,2,300,4,0,0,0,0,0,0,,#DIV/0!,#DIV/0!,#DIV/0!,#DIV/0!,,,,,,,AS1,2,300,,,,
bb,AS1,2,200,4,0,0,0,0,0,0,,#DIV/0!,#DIV/0!,#DIV/0!,#DIV/0!,,,,,,,AS1,2,200,,,,
bb,AS1,3,800,3,489,425,64,619,576,43,,0.289706885,0.043626449,0.310177706,0.023155627,,0.289706885,0.043626449,0.310177706,0.023155627,,AS1,3,800,1.155828948,1.497198656,*,
bb,AS1,3,1000,2,282,256,26,584,576,8,,0.453900709,0.046099291,0.493150685,0.006849315,,0.453900709,0.046099291,0.493150685,0.006849315,,AS1,3,1000,1.568100337,2.447900958,*,
bb,AS1,3,600,3,375,291,84,587,551,36,,0.258666667,0.074666667,0.312890403,0.02044293,,0.258666667,0.074666667,0.312890403,0.02044293,,AS1,3,600,0.794428807,1.557011692,*,
bb,AS1,3,400,4,279,199,80,18,12,6,,0.178315412,0.071684588,0.166666667,0.083333333,,0.178315412,0.071684588,0.166666667,0.083333333,,AS1,3,400,0.541554989,0.415572565,,
bb,AS1,3,300,4,0,0,0,0,0,0,,#DIV/0!,#DIV/0!,#DIV/0!,#DIV/0!,,,,,,,AS1,3,300,,,,
bb,AS1,3,200,4,0,0,0,0,0,0,,#DIV/0!,#DIV/0!,#DIV/0!,#DIV/0!,,,,,,,AS1,3,200,,,,
co,AA2,1,800,3,580,576,4,576,576,0,,0.331034483,0.002298851,0.333333333,0,,0.331034483,0.002298851,0.333333333,0.001,,AA2,1,800,2.396888119,2.659505006,*,
co,AA2,1,1000,2,574,570,4,576,576,0,,0.496515679,0.003484321,0.5,0,,0.496515679,0.003484321,0.5,0.001,,AA2,1,1000,2.689605072,3.090232306,*,
co,AA2,1,600,3,582,576,6,576,576,0,,0.329896907,0.003436426,0.333333333,0,,0.329896907,0.003436426,0.333333333,0.001,,AA2,1,600,2.262745201,2.659505006,*,
co,AA2,1,400,4,191,184,7,245,244,1,,0.240837696,0.009162304,0.248979592,0.001020408,,0.240837696,0.009162304,0.248979592,0.001020408,,AA2,1,400,1.655382401,2.406522988,*,
co,AA2,1,300,4,0,0,0,0,0,0,,#DIV/0!,#DIV/0!,#DIV/0!,#DIV/0!,,,,,,,AA2,1,300,,,,
co,AA2,1,200,4,0,0,0,0,0,0,,#DIV/0!,#DIV/0!,#DIV/0!,#DIV/0!,,,,,,,AA2,1,200,,,,
co,AA2,2,800,3,585,576,9,581,576,5,,0.328205128,0.005128205,0.330464716,0.002868617,,0.328205128,0.005128205,0.330464716,0.002868617,,AA2,2,800,2.122187811,2.323802666,*,
co,AA2,2,1000,2,579,576,3,576,576,0,,0.497409326,0.002590674,0.5,0,,0.497409326,0.002590674,0.5,0.001,,AA2,2,1000,2.789043662,3.090232306,*,
co,AA2,2,600,3,588,576,12,543,533,10,,0.326530612,0.006802721,0.327194598,0.006138735,,0.326530612,0.006802721,0.327194598,0.006138735,,AA2,2,600,2.018001699,2.056394217,*,
co,AA2,2,400,4,171,154,17,207,202,5,,0.225146199,0.024853801,0.243961353,0.006038647,,0.225146199,0.024853801,0.243961353,0.006038647,,AA2,2,400,1.207543973,1.816261262,*,
co,AA2,2,300,4,0,0,0,0,0,0,,#DIV/0!,#DIV/0!,#DIV/0!,#DIV/0!,,,,,,,AA2,2,300,,,,
co,AA2,2,200,4,0,0,0,0,0,0,,#DIV/0!,#DIV/0!,#DIV/0!,#DIV/0!,,,,,,,AA2,2,200,,,,
co,AA2,3,800,3,594,576,18,484,480,4,,0.323232323,0.01010101,0.330578512,0.002754821,,0.323232323,0.01010101,0.330578512,0.002754821,,AA2,3,800,1.863895465,2.33730456,*,
co,AA2,3,1000,2,577,576,1,573,566,7,,0.499133449,0.000866551,0.493891798,0.006108202,,0.499133449,0.000866551,0.493891798,0.006108202,,AA2,3,1000,3.130351975,2.490519279,,
co,AA2,3,600,3,600,573,27,481,480,1,,0.318333333,0.015,0.332640333,0.000693001,,0.318333333,0.015,0.332640333,0.000693001,,AA2,3,600,1.697725916,2.764916351,*,
co,AA2,3,400,4,156,138,18,184,183,1,,0.221153846,0.028846154,0.248641304,0.001358696,,0.221153846,0.028846154,0.248641304,0.001358696,,AA2,3,400,1.129726491,2.319249144,*,
co,AA2,3,300,4,0,0,0,0,0,0,,#DIV/0!,#DIV/0!,#DIV/0!,#DIV/0!,,,,,,,AA2,3,300,,,,
co,AA2,3,200,4,0,0,0,0,0,0,,#DIV/0!,#DIV/0!,#DIV/0!,#DIV/0!,,,,,,,AA2,3,200,,,,
ky,AA3,1,800,3,582,576,6,578,575,3,,0.329896907,0.003436426,0.33160323,0.001730104,,0.329896907,0.003436426,0.33160323,0.001730104,,AA3,1,800,2.262745201,2.488098978,*,
ky,AA3,1,1000,2,577,576,1,576,576,0,,0.499133449,0.000866551,0.5,0,,0.499133449,0.000866551,0.5,0.001,,AA3,1,1000,3.130351975,3.090232306,,
ky,AA3,1,600,3,546,540,6,577,575,2,,0.32967033,0.003663004,0.332177932,0.001155402,,0.32967033,0.003663004,0.332177932,0.001155402,,AA3,1,600,2.240826256,2.613167383,*,
ky,AA3,1,400,4,210,201,9,79,78,1,,0.239285714,0.010714286,0.246835443,0.003164557,,0.239285714,0.010714286,0.246835443,0.003164557,,AA3,1,400,1.591744838,2.045742912,*,
ky,AA3,1,300,4,0,0,0,0,0,0,,#DIV/0!,#DIV/0!,#DIV/0!,#DIV/0!,,,,,,,AA3,1,300,,,,
ky,AA3,1,200,4,0,0,0,0,0,0,,#DIV/0!,#DIV/0!,#DIV/0!,#DIV/0!,,,,,,,AA3,1,200,,,,
ky,AA3,2,800,3,585,575,10,583,576,7,,0.327635328,0.005698006,0.329331046,0.004002287,,0.327635328,0.005698006,0.329331046,0.004002287,,AA3,2,800,2.083862968,2.210115716,*,
ky,AA3,2,1000,2,576,576,0,576,576,0,,0.5,0,0.5,0,,0.5,0.001,0.5,0.001,,AA3,2,1000,3.090232306,3.090232306,,
ky,AA3,2,600,3,576,557,19,584,576,8,,0.322337963,0.01099537,0.328767123,0.00456621,,0.322337963,0.01099537,0.328767123,0.00456621,,AA3,2,600,1.829356781,2.163736774,*,
ky,AA3,2,400,4,182,170,12,117,107,10,,0.233516484,0.016483516,0.228632479,0.021367521,,0.233516484,0.016483516,0.228632479,0.021367521,,AA3,2,400,1.405169495,1.282932314,,
ky,AA3,2,300,4,0,0,0,0,0,0,,#DIV/0!,#DIV/0!,#DIV/0!,#DIV/0!,,,,,,,AA3,2,300,,,,
ky,AA3,2,200,4,0,0,0,0,0,0,,#DIV/0!,#DIV/0!,#DIV/0!,#DIV/0!,,,,,,,AA3,2,200,,,,
ky,AA3,3,800,3,588,576,12,582,576,6,,0.326530612,0.006802721,0.329896907,0.003436426,,0.326530612,0.006802721,0.329896907,0.003436426,,AA3,3,800,2.018001699,2.262745201,*,
ky,AA3,3,1000,2,577,576,1,576,576,0,,0.499133449,0.000866551,0.5,0,,0.499133449,0.000866551,0.5,0.001,,AA3,3,1000,3.130351975,3.090232306,,
ky,AA3,3,600,3,591,576,15,580,576,4,,0.324873096,0.008460237,0.331034483,0.002298851,,0.324873096,0.008460237,0.331034483,0.002298851,,AA3,3,600,1.934316432,2.396888119,*,
ky,AA3,3,400,4,208,187,21,139,131,8,,0.224759615,0.025240385,0.235611511,0.014388489,,0.224759615,0.025240385,0.235611511,0.014388489,,AA3,3,400,1.199650669,1.46603774,*,
ky,AA3,3,300,4,0,0,0,0,0,0,,#DIV/0!,#DIV/0!,#DIV/0!,#DIV/0!,,,,,,,AA3,3,300,,,,
ky,AA3,3,200,4,0,0,0,0,0,0,,#DIV/0!,#DIV/0!,#DIV/0!,#DIV/0!,,,,,,,AA3,3,200,,,,
tp,AS4,1,800,3,605,558,47,586,576,10,,0.307438017,0.025895317,0.327645051,0.005688282,,0.307438017,0.025895317,0.327645051,0.005688282,,AS4,1,800,1.44174443,2.084489061,*,
tp,AS4,1,1000,2,577,576,1,577,576,1,,0.499133449,0.000866551,0.499133449,0.000866551,,0.499133449,0.000866551,0.499133449,0.000866551,,AS4,1,1000,3.130351975,3.130351975,,
tp,AS4,1,600,3,213,197,16,585,576,9,,0.30829421,0.025039124,0.328205128,0.005128205,,0.30829421,0.025039124,0.328205128,0.005128205,,AS4,1,600,1.458603742,2.122187811,*,
tp,AS4,1,400,4,0,0,0,175,151,24,,#DIV/0!,#DIV/0!,0.215714286,0.034285714,,,,0.215714286,0.034285714,,AS4,1,400,,1.034483707,,
tp,AS4,1,300,4,0,0,0,0,0,0,,#DIV/0!,#DIV/0!,#DIV/0!,#DIV/0!,,,,,,,AS4,1,300,,,,
tp,AS4,1,200,4,0,0,0,0,0,0,,#DIV/0!,#DIV/0!,#DIV/0!,#DIV/0!,,,,,,,AS4,1,200,,,,
tp,AS4,2,800,3,335,246,89,657,574,83,,0.244776119,0.088557214,0.29122273,0.042110604,,0.244776119,0.088557214,0.29122273,0.042110604,,AS4,2,800,0.658671989,1.176885755,*,
tp,AS4,2,1000,2,839,654,185,593,576,17,,0.389749702,0.110250298,0.485666105,0.014333895,,0.389749702,0.110250298,0.485666105,0.014333895,,AS4,2,1000,0.945226628,2.1520874,*,
tp,AS4,2,600,3,0,0,0,552,471,81,,#DIV/0!,#DIV/0!,0.28442029,0.048913043,,,,0.28442029,0.048913043,,AS4,2,600,,1.085725483,,
tp,AS4,2,400,4,0,0,0,0,0,0,,#DIV/0!,#DIV/0!,#DIV/0!,#DIV/0!,,,,,,,AS4,2,400,,,,
tp,AS4,2,300,4,0,0,0,0,0,0,,#DIV/0!,#DIV/0!,#DIV/0!,#DIV/0!,,,,,,,AS4,2,300,,,,
tp,AS4,2,200,4,0,0,0,0,0,0,,#DIV/0!,#DIV/0!,#DIV/0!,#DIV/0!,,,,,,,AS4,2,200,,,,
tp,AS4,3,800,3,348,252,96,694,570,124,,0.24137931,0.091954023,0.273775216,0.059558117,,0.24137931,0.091954023,0.273775216,0.059558117,,AS4,3,800,0.626945331,0.95705902,*,
tp,AS4,3,1000,2,899,725,174,651,575,76,,0.403225806,0.096774194,0.441628264,0.058371736,,0.403225806,0.096774194,0.441628264,0.058371736,,AS4,3,1000,1.055147207,1.421747878,*,
tp,AS4,3,600,3,3,3,0,432,360,72,,0.333333333,0,0.277777778,0.055555556,,0.333333333,0.001,0.277777778,0.055555556,,AS4,3,600,2.659505006,1.003763017,,
tp,AS4,3,400,4,0,0,0,0,0,0,,#DIV/0!,#DIV/0!,#DIV/0!,#DIV/0!,,,,,,,AS4,3,400,,,,
tp,AS4,3,300,4,0,0,0,0,0,0,,#DIV/0!,#DIV/0!,#DIV/0!,#DIV/0!,,,,,,,AS4,3,300,,,,
tp,AS4,3,200,4,0,0,0,0,0,0,,#DIV/0!,#DIV/0!,#DIV/0!,#DIV/0!,,,,,,,AS4,3,200,,,,
mb,AA4,1,800,3,694,598,96,576,576,0,,0.287223823,0.04610951,0.333333333,0,,0.287223823,0.04610951,0.333333333,0.001,,AA4,1,800,1.122293432,2.659505006,*,
mb,AA4,1,1000,2,577,576,1,576,576,0,,0.499133449,0.000866551,0.5,0,,0.499133449,0.000866551,0.5,0.001,,AA4,1,1000,3.130351975,3.090232306,,
mb,AA4,1,600,3,442,423,19,576,576,0,,0.319004525,0.014328808,0.333333333,0,,0.319004525,0.014328808,0.333333333,0.001,,AA4,1,600,1.717680284,2.659505006,*,
mb,AA4,1,400,4,27,26,1,293,292,1,,0.240740741,0.009259259,0.249146758,0.000853242,,0.240740741,0.009259259,0.249146758,0.000853242,,AA4,1,400,1.651162232,2.459887587,*,
mb,AA4,1,300,4,0,0,0,0,0,0,,#DIV/0!,#DIV/0!,#DIV/0!,#DIV/0!,,,,,,,AA4,1,300,,,,
mb,AA4,1,200,4,0,0,0,0,0,0,,#DIV/0!,#DIV/0!,#DIV/0!,#DIV/0!,,,,,,,AA4,1,200,,,,
mb,AA4,2,800,3,676,575,101,583,576,7,,0.283530572,0.049802761,0.329331046,0.004002287,,0.283530572,0.049802761,0.329331046,0.004002287,,AA4,2,800,1.074384019,2.210115716,*,
mb,AA4,2,1000,2,577,576,1,576,576,0,,0.499133449,0.000866551,0.5,0,,0.499133449,0.000866551,0.5,0.001,,AA4,2,1000,3.130351975,3.090232306,,
mb,AA4,2,600,3,463,426,37,578,576,2,,0.306695464,0.026637869,0.332179931,0.001153403,,0.306695464,0.026637869,0.332179931,0.001153403,,AA4,2,600,1.427440052,2.613693347,*,
mb,AA4,2,400,4,18,17,1,281,276,5,,0.236111111,0.013888889,0.245551601,0.004448399,,0.236111111,0.013888889,0.245551601,0.004448399,,AA4,2,400,1.481542525,1.927439309,*,
mb,AA4,2,300,4,0,0,0,0,0,0,,#DIV/0!,#DIV/0!,#DIV/0!,#DIV/0!,,,,,,,AA4,2,300,,,,
mb,AA4,2,200,4,0,0,0,0,0,0,,#DIV/0!,#DIV/0!,#DIV/0!,#DIV/0!,,,,,,,AA4,2,200,,,,
mb,AA4,3,800,3,621,576,45,582,576,6,,0.309178744,0.024154589,0.329896907,0.003436426,,0.309178744,0.024154589,0.329896907,0.003436426,,AA4,3,800,1.476459017,2.262745201,*,
mb,AA4,3,1000,2,576,576,0,576,576,0,,0.5,0,0.5,0,,0.5,0.001,0.5,0.001,,AA4,3,1000,3.090232306,3.090232306,,
mb,AA4,3,600,3,545,505,40,580,576,4,,0.308868502,0.024464832,0.331034483,0.002298851,,0.308868502,0.024464832,0.331034483,0.002298851,,AA4,3,600,1.470143891,2.396888119,*,
mb,AA4,3,400,4,17,17,0,278,272,6,,0.25,0,0.244604317,0.005395683,,0.25,0.001,0.244604317,0.005395683,,AA4,3,400,2.415742556,1.857815128,,
mb,AA4,3,300,4,0,0,0,0,0,0,,#DIV/0!,#DIV/0!,#DIV/0!,#DIV/0!,,,,,,,AA4,3,300,,,,
mb,AA4,3,200,4,0,0,0,0,0,0,,#DIV/0!,#DIV/0!,#DIV/0!,#DIV/0!,,,,,,,AA4,3,200,,,,
jz,ASW1,1,800,3,586,574,12,581,576,5,,0.326507395,0.006825939,0.330464716,0.002868617,,0.326507395,0.006825939,0.330464716,0.002868617,,ASW1,1,800,2.016717229,2.323802666,*,
jz,ASW1,1,1000,2,576,576,0,577,576,1,,0.5,0,0.499133449,0.000866551,,0.5,0.001,0.499133449,0.000866551,,ASW1,1,1000,3.090232306,3.130351975,*,
jz,ASW1,1,600,3,553,546,7,579,576,3,,0.329113924,0.004219409,0.331606218,0.001727116,,0.329113924,0.004219409,0.331606218,0.001727116,,ASW1,1,600,2.191627964,2.488645298,*,
jz,ASW1,1,400,4,187,177,10,371,361,10,,0.236631016,0.013368984,0.243261456,0.006738544,,0.236631016,0.013368984,0.243261456,0.006738544,,ASW1,1,400,1.498140411,1.775057175,*,
jz,ASW1,1,300,4,0,0,0,0,0,0,,#DIV/0!,#DIV/0!,#DIV/0!,#DIV/0!,,,,,,,ASW1,1,300,,,,
jz,ASW1,1,200,4,0,0,0,0,0,0,,#DIV/0!,#DIV/0!,#DIV/0!,#DIV/0!,,,,,,,ASW1,1,200,,,,
jz,ASW1,2,800,3,590,575,15,581,576,5,,0.324858757,0.008474576,0.330464716,0.002868617,,0.324858757,0.008474576,0.330464716,0.002868617,,ASW1,2,800,1.93365425,2.323802666,*,
jz,ASW1,2,1000,2,581,576,5,577,576,1,,0.495697074,0.004302926,0.499133449,0.000866551,,0.495697074,0.004302926,0.499133449,0.000866551,,ASW1,2,1000,2.616541229,3.130351975,*,
jz,ASW1,2,600,3,599,576,23,583,576,7,,0.320534224,0.01279911,0.329331046,0.004002287,,0.320534224,0.01279911,0.329331046,0.004002287,,ASW1,2,600,1.766047947,2.210115716,*,
jz,ASW1,2,400,4,196,189,7,394,378,16,,0.241071429,0.008928571,0.239847716,0.010152284,,0.241071429,0.008928571,0.239847716,0.010152284,,ASW1,2,400,1.665706847,1.613879216,,
jz,ASW1,2,300,4,0,0,0,0,0,0,,#DIV/0!,#DIV/0!,#DIV/0!,#DIV/0!,,,,,,,ASW1,2,300,,,,
jz,ASW1,2,200,4,0,0,0,0,0,0,,#DIV/0!,#DIV/0!,#DIV/0!,#DIV/0!,,,,,,,ASW1,2,200,,,,
jz,ASW1,3,800,3,595,576,19,588,576,12,,0.322689076,0.010644258,0.326530612,0.006802721,,0.322689076,0.010644258,0.326530612,0.006802721,,ASW1,3,800,1.842635752,2.018001699,*,
jz,ASW1,3,1000,2,579,576,3,577,576,1,,0.497409326,0.002590674,0.499133449,0.000866551,,0.497409326,0.002590674,0.499133449,0.000866551,,ASW1,3,1000,2.789043662,3.130351975,*,
jz,ASW1,3,600,3,591,575,16,583,576,7,,0.324309081,0.009024253,0.329331046,0.004002287,,0.324309081,0.009024253,0.329331046,0.004002287,,ASW1,3,600,1.908938799,2.210115716,*,
jz,ASW1,3,400,4,200,191,9,378,352,26,,0.23875,0.01125,0.232804233,0.017195767,,0.23875,0.01125,0.232804233,0.017195767,,ASW1,3,400,1.571490257,1.385807975,,
jz,ASW1,3,300,4,0,0,0,0,0,0,,#DIV/0!,#DIV/0!,#DIV/0!,#DIV/0!,,,,,,,ASW1,3,300,,,,
jz,ASW1,3,200,4,0,0,0,0,0,0,,#DIV/0!,#DIV/0!,#DIV/0!,#DIV/0!,,,,,,,ASW1,3,200,,,,
by,AA1,1,800,3,587,576,11,578,576,2,,0.327086882,0.006246451,0.332179931,0.001153403,,0.327086882,0.006246451,0.332179931,0.001153403,,AA1,1,800,2.049935338,2.613693347,*,
by,AA1,1,1000,2,576,576,0,576,576,0,,0.5,0,0.5,0,,0.5,0.001,0.5,0.001,,AA1,1,1000,3.090232306,3.090232306,,
by,AA1,1,600,3,573,568,5,579,576,3,,0.330424666,0.002908668,0.331606218,0.001727116,,0.330424666,0.002908668,0.331606218,0.001727116,,AA1,1,600,2.319162708,2.488645298,*,
by,AA1,1,400,4,73,72,1,290,284,6,,0.246575342,0.003424658,0.244827586,0.005172414,,0.246575342,0.003424658,0.244827586,0.005172414,,AA1,1,400,2.018776831,1.873227375,,
by,AA1,1,300,4,0,0,0,0,0,0,,#DIV/0!,#DIV/0!,#DIV/0!,#DIV/0!,,,,,,,AA1,1,300,,,,
by,AA1,1,200,4,0,0,0,0,0,0,,#DIV/0!,#DIV/0!,#DIV/0!,#DIV/0!,,,,,,,AA1,1,200,,,,
by,AA1,2,800,3,597,576,21,589,576,13,,0.32160804,0.011725293,0.325976231,0.007357102,,0.32160804,0.011725293,0.325976231,0.007357102,,AA1,2,800,1.802806134,1.988286404,*,
by,AA1,2,1000,2,576,575,1,581,576,5,,0.499131944,0.000868056,0.495697074,0.004302926,,0.499131944,0.000868056,0.495697074,0.004302926,,AA1,2,1000,3.129838775,2.616541229,,
by,AA1,2,600,3,561,539,22,582,576,6,,0.320261438,0.013071895,0.329896907,0.003436426,,0.320261438,0.013071895,0.329896907,0.003436426,,AA1,2,600,1.757101326,2.262745201,*,
by,AA1,2,400,4,102,93,9,233,224,9,,0.227941176,0.022058824,0.240343348,0.009656652,,0.227941176,0.022058824,0.240343348,0.009656652,,AA1,2,400,1.267327069,1.634229273,*,
by,AA1,2,300,4,0,0,0,0,0,0,,#DIV/0!,#DIV/0!,#DIV/0!,#DIV/0!,,,,,,,AA1,2,300,,,,
by,AA1,2,200,4,0,0,0,0,0,0,,#DIV/0!,#DIV/0!,#DIV/0!,#DIV/0!,,,,,,,AA1,2,200,,,,
by,AA1,3,800,3,590,575,15,590,576,14,,0.324858757,0.008474576,0.325423729,0.007909605,,0.324858757,0.008474576,0.325423729,0.007909605,,AA1,3,800,1.93365425,1.96047492,*,
by,AA1,3,1000,2,576,576,0,576,576,0,,0.5,0,0.5,0,,0.5,0.001,0.5,0.001,,AA1,3,1000,3.090232306,3.090232306,,
by,AA1,3,600,3,584,570,14,584,576,8,,0.325342466,0.007990868,0.328767123,0.00456621,,0.325342466,0.007990868,0.328767123,0.00456621,,AA1,3,600,1.956521494,2.163736774,*,
by,AA1,3,400,4,102,97,5,256,240,16,,0.237745098,0.012254902,0.234375,0.015625,,0.237745098,0.012254902,0.234375,0.015625,,AA1,3,400,1.535467598,1.429360311,,
by,AA1,3,300,4,0,0,0,0,0,0,,#DIV/0!,#DIV/0!,#DIV/0!,#DIV/0!,,,,,,,AA1,3,300,,,,
by,AA1,3,200,4,0,0,0,0,0,0,,#DIV/0!,#DIV/0!,#DIV/0!,#DIV/0!,,,,,,,AA1,3,200,,,,
et,AS2,1,800,3,766,568,198,579,576,3,,0.247171453,0.08616188,0.331606218,0.001727116,,0.247171453,0.08616188,0.331606218,0.001727116,,AS2,1,800,0.681357308,2.488645298,*,
et,AS2,1,1000,2,571,570,1,579,576,3,,0.499124343,0.000875657,0.497409326,0.002590674,,0.499124343,0.000875657,0.497409326,0.002590674,,AS2,1,1000,3.127259204,2.789043662,,
et,AS2,1,600,3,508,416,92,579,576,3,,0.272965879,0.060367454,0.331606218,0.001727116,,0.272965879,0.060367454,0.331606218,0.001727116,,AS2,1,600,0.947828832,2.488645298,*,
et,AS2,1,400,4,46,38,8,282,273,9,,0.206521739,0.043478261,0.242021277,0.007978723,,0.206521739,0.043478261,0.242021277,0.007978723,,AS2,1,400,0.893125785,1.710071901,*,
et,AS2,1,300,4,0,0,0,0,0,0,,#DIV/0!,#DIV/0!,#DIV/0!,#DIV/0!,,,,,,,AS2,1,300,,,,
et,AS2,1,200,4,0,0,0,0,0,0,,#DIV/0!,#DIV/0!,#DIV/0!,#DIV/0!,,,,,,,AS2,1,200,,,,
et,AS2,2,800,3,836,615,221,588,576,12,,0.245215311,0.088118022,0.326530612,0.006802721,,0.245215311,0.088118022,0.326530612,0.006802721,,AS2,2,800,0.662811408,2.018001699,*,
et,AS2,2,1000,2,579,576,3,579,576,3,,0.497409326,0.002590674,0.497409326,0.002590674,,0.497409326,0.002590674,0.497409326,0.002590674,,AS2,2,1000,2.789043662,2.789043662,,
et,AS2,2,600,3,512,401,111,589,576,13,,0.261067708,0.072265625,0.325976231,0.007357102,,0.261067708,0.072265625,0.325976231,0.007357102,,AS2,2,600,0.81906583,1.988286404,*,
et,AS2,2,400,4,60,54,6,346,319,27,,0.225,0.025,0.230491329,0.019508671,,0.225,0.025,0.230491329,0.019508671,,AS2,2,400,1.204548958,1.326774221,*,
et,AS2,2,300,4,0,0,0,0,0,0,,#DIV/0!,#DIV/0!,#DIV/0!,#DIV/0!,,,,,,,AS2,2,300,,,,
et,AS2,2,200,4,0,0,0,0,0,0,,#DIV/0!,#DIV/0!,#DIV/0!,#DIV/0!,,,,,,,AS2,2,200,,,,
et,AS2,3,800,3,809,599,210,586,576,10,,0.246806757,0.086526576,0.327645051,0.005688282,,0.246806757,0.086526576,0.327645051,0.005688282,,AS2,3,800,0.677885921,2.084489061,*,
et,AS2,3,1000,2,580,576,4,578,576,2,,0.496551724,0.003448276,0.498269896,0.001730104,,0.496551724,0.003448276,0.498269896,0.001730104,,AS2,3,1000,2.693154961,2.9192527,*,
et,AS2,3,600,3,561,424,137,585,576,9,,0.251931075,0.081402258,0.328205128,0.005128205,,0.251931075,0.081402258,0.328205128,0.005128205,,AS2,3,600,0.727275823,2.122187811,*,
et,AS2,3,400,4,68,60,8,342,315,27,,0.220588235,0.029411765,0.230263158,0.019736842,,0.220588235,0.029411765,0.230263158,0.019736842,,AS2,3,400,1.119301873,1.32123414,*,
et,AS2,3,300,4,0,0,0,0,0,0,,#DIV/0!,#DIV/0!,#DIV/0!,#DIV/0!,,,,,,,AS2,3,300,,,,
et,AS2,3,200,4,0,0,0,0,0,0,,#DIV/0!,#DIV/0!,#DIV/0!,#DIV/0!,,,,,,,AS2,3,200,,,,
