﻿<?xml version="1.0" encoding="utf-8"?>
<UserDataFile xmlns:xsi="http://www.w3.org/2001/XMLSchema-instance" xmlns:xsd="http://www.w3.org/2001/XMLSchema">
  <name>tim</name>
  <IPD>0.063500002026557922</IPD>
  <playerHeight>1.8</playerHeight>
  <calibrationDistance>2.5</calibrationDistance>
  <hypoLeftEye>6.5</hypoLeftEye>
  <excycloLeftEye>6.75</excycloLeftEye>
  <esoLeftEye>-5.13647</esoLeftEye>
  <hypoRightEye>0</hypoRightEye>
  <exoRightEye>0</exoRightEye>
  <incycloRightEye>0</incycloRightEye>
  <contrastLeftEye>0</contrastLeftEye>
  <contrastRightEye>0</contrastRightEye>
  <aniseikoniaLeftEye>1</aniseikoniaLeftEye>
  <aniseikoniaRightEye>1</aniseikoniaRightEye>
  <filterAngleLeft>10</filterAngleLeft>
  <filterAngleRight>10</filterAngleRight>
  <markAngle>20</markAngle>
  <filterMode>0</filterMode>
</UserDataFile>